nhl_id,ff_id,playerFullName,teamAbbrevs,positionCode,gamesPlayed,playerType,freeAgent,fantasy_points_total,fantasy_points_per_game,hits,blockedShots,realtimeTOI
8477956,,David Pastrnak,BOS,R,13,Skater,0,86.65,6.665,26,4,1195.61
8477492,,Nathan MacKinnon,COL,C,12,Skater,0,85.85,7.154,12,8,1300.83
8478403,,Jack Eichel,VGK,C,11,Skater,0,84.25,7.659,4,6,1256.9
8477960,,Adrian Kempe,LAK,R,12,Skater,0,78.0,6.5,31,8,1196.33
8480069,,Cale Makar,COL,D,12,Skater,0,77.2,6.433,10,20,1527.41
8476460,,Mark Scheifele,WPG,C,11,Skater,0,74.8,6.8,3,2,1198.54
8477951,,Nick Schmaltz,UTA,C,11,Skater,0,73.14999999999999,6.65,2,7,1179.09
8480748,,Kiefer Sherwood,VAN,L,12,Skater,0,71.64999999999999,5.971,54,7,1048.66
8478864,,Kirill Kaprizov,MIN,L,12,Skater,0,71.14999999999999,5.929,2,4,1351.91
8471675,,Sidney Crosby,PIT,C,12,Skater,0,71.10000000000001,5.925,13,6,1126.33
8477946,,Dylan Larkin,DET,C,11,Skater,0,70.5,6.409,5,6,1223.18
8484801,,Macklin Celebrini,SJS,C,11,Skater,0,70.45,6.405,7,5,1242.63
8480039,,Martin Necas,COL,C,12,Skater,0,70.0,5.833,13,3,1268.16
8481559,,Jack Hughes,NJD,C,11,Skater,0,68.30000000000001,6.209,1,6,1201.54
8477934,,Leon Draisaitl,EDM,C,12,Skater,0,68.0,5.667,7,2,1359.0
8481528,,Dylan Cozens,OTT,C,12,Skater,0,67.95,5.663,40,6,1032.58
8481540,,Cole Caufield,MTL,R,11,Skater,0,65.35,5.941,13,4,1098.36
8482720,,Matthew Knies,TOR,L,11,Skater,0,65.2,5.927,26,8,1212.09
8471215,,Evgeni Malkin,PIT,C,12,Skater,0,64.6,5.383,6,3,1025.91
8478398,,Kyle Connor,WPG,L,11,Skater,0,63.699999999999996,5.791,4,2,1224.54
8482116,,Tim Stützle,OTT,C,12,Skater,0,62.95,5.246,14,6,1188.08
8479987,,Morgan Geekie,BOS,C,13,Skater,0,61.95,4.765,23,3,1087.53
8480018,,Nick Suzuki,MTL,C,11,Skater,0,61.3,5.573,5,6,1218.45
8478420,,Mikko Rantanen,DAL,R,11,Skater,0,60.49999999999999,5.5,12,6,1286.81
8484144,,Connor Bedard,CHI,C,11,Skater,0,60.45,5.495,5,3,1280.45
8481557,,Matt Boldy,MIN,L,12,Skater,0,60.25000000000001,5.021,8,4,1320.33
8483431,,Logan Cooley,UTA,C,11,Skater,0,59.3,5.391,10,5,1127.18
8475166,,John Tavares,TOR,C,11,Skater,0,58.949999999999996,5.359,11,2,1045.09
8476880,,Tom Wilson,WSH,R,10,Skater,0,58.900000000000006,5.89,29,3,1197.9
8479638,,Justin Brazeau,PIT,R,12,Skater,0,58.099999999999994,4.842,17,12,808.5
8478402,,Connor McDavid,EDM,C,12,Skater,0,57.99999999999999,4.833,2,2,1414.58
8482699,,Dylan Guenther,UTA,R,11,Skater,0,57.7,5.245,11,4,1100.36
8481604,,Pavel Dorofeyev,VGK,R,11,Skater,0,57.550000000000004,5.232,4,5,1050.36
8481596,,Shane Pinto,OTT,C,12,Skater,0,57.5,4.792,8,7,1139.41
8479420,,Tage Thompson,BUF,C,11,Skater,0,57.0,5.182,18,7,1149.63
8479407,,Jesper Bratt,NJD,L,11,Skater,0,56.5,5.136,15,2,1007.0
8482105,,Jake Sanderson,OTT,D,12,Skater,0,56.05,4.671,5,22,1421.83
8482110,,Dawson Mercer,NJD,C,11,Skater,0,55.9,5.082,10,14,1078.45
8477496,,Elias Lindholm,BOS,C,13,Skater,0,55.800000000000004,4.292,19,14,1061.53
8482740,,Wyatt Johnston,DAL,C,11,Skater,0,55.75,5.068,5,13,1302.81
8482667,,William Eklund,SJS,L,11,Skater,0,55.35,5.032,8,10,1184.9
8477500,,Bo Horvat,NYI,C,10,Skater,0,55.300000000000004,5.53,6,3,1262.9
8476454,,Ryan Nugent-Hopkins,EDM,C,12,Skater,0,54.8,4.567,7,3,1133.16
8480208,,Drake Batherson,OTT,R,9,Skater,0,54.650000000000006,6.072,12,3,1017.66
8483493,,Frank Nazar,CHI,C,11,Skater,0,54.6,4.964,11,10,1176.81
8479318,,Auston Matthews,TOR,C,11,Skater,0,54.400000000000006,4.945,10,23,1318.72
8473419,,Brad Marchand,FLA,L,10,Skater,0,54.3,5.43,10,1,1102.7
8475809,,Scott Wedgewood,COL,G,11,Goalie,0,54.25,4.932,0,0,0
8477498,,Darnell Nurse,EDM,D,12,Skater,0,54.1,4.508,22,34,1243.08
8476945,,Connor Hellebuyck,WPG,G,9,Goalie,0,54.0,6.0,0,0,0
8482093,,Seth Jarvis,CAR,C,10,Skater,0,53.8,5.38,6,5,1181.5
8479979,,Jake Oettinger,DAL,G,9,Goalie,0,53.75,5.972,0,0,0
8476881,,Tomas Hertl,VGK,C,11,Skater,0,53.25000000000001,4.841,13,3,1070.36
8477949,,Alex Tuch,BUF,R,11,Skater,0,53.150000000000006,4.832,3,13,1144.27
8480893,,Kirill Marchenko,CBJ,R,10,Skater,0,52.85000000000001,5.285,8,8,1094.7
8475913,,Mark Stone,VGK,R,6,Skater,0,52.7,8.783,3,5,1104.5
8478483,,Mitch Marner,VGK,R,11,Skater,0,52.449999999999996,4.768,6,6,1260.45
8481533,,Trevor Zegras,PHI,C,10,Skater,0,51.800000000000004,5.18,5,3,1031.9
8478401,,Pavel Zacha,BOS,C,13,Skater,0,51.25,3.942,14,5,1066.84
8478414,,Timo Meier,NJD,R,11,Skater,0,51.2,4.655,22,8,1048.54
8479337,,Alex DeBrincat,DET,R,11,Skater,0,51.0,4.636,1,4,1040.09
8476887,,Filip Forsberg,NSH,L,12,Skater,0,50.75,4.229,29,4,1128.16
8481716,,Dmitri Voronkov,CBJ,L,10,Skater,0,50.74999999999999,5.075,22,1,930.1
8479343,,Clayton Keller,UTA,R,11,Skater,0,50.699999999999996,4.609,1,5,1152.18
8478427,,Sebastian Aho,CAR,C,10,Skater,0,50.05,5.005,16,4,1204.0
8477939,,William Nylander,TOR,R,9,Skater,0,49.9,5.544,2,3,1165.0
8480027,,Jason Robertson,DAL,L,11,Skater,0,49.75,4.523,8,7,1242.0
8480012,,Elias Pettersson,VAN,C,12,Skater,0,49.7,4.142,17,25,1171.25
8479323,,Adam Fox,NYR,D,12,Skater,0,49.55,4.129,7,22,1428.58
8478856,,Conor Garland,VAN,R,11,Skater,0,49.4,4.491,8,6,1230.27
8477942,,Kevin Fiala,LAK,L,12,Skater,0,49.35000000000001,4.113,8,3,1096.16
8478493,,Joel Eriksson Ek,MIN,C,12,Skater,0,48.95,4.079,25,9,1182.91
8477511,,Anthony Mantha,PIT,R,12,Skater,0,48.85,4.071,6,8,905.58
8480839,,Rasmus Dahlin,BUF,D,11,Skater,0,48.85,4.441,11,13,1471.81
8483445,,Cutter Gauthier,ANA,L,9,Skater,0,48.85,5.428,11,4,1106.22
8482476,,Emil Heineman,NYI,L,10,Skater,0,48.5,4.85,44,3,873.1
8479312,,Alex Lyon,BUF,G,9,Goalie,0,48.5,5.389,0,0,0
8477476,,Artturi Lehkonen,COL,L,12,Skater,0,48.45,4.038,6,12,1163.75
8482124,,Quinton Byfield,LAK,R,12,Skater,0,48.45,4.038,14,5,1195.75
8479325,,Charlie McAvoy,BOS,D,13,Skater,0,48.3,3.715,21,20,1443.07
8475200,,Dmitry Orlov,SJS,D,11,Skater,0,48.24999999999999,4.386,22,16,1375.36
8476462,,Dougie Hamilton,NJD,D,11,Skater,0,48.2,4.382,14,16,1321.27
8484153,,Leo Carlsson,ANA,C,9,Skater,0,48.199999999999996,5.356,1,6,1164.33
8478519,,Anthony Cirelli,TBL,C,11,Skater,0,47.95,4.359,8,8,1188.0
8483515,,Juraj Slafkovský,MTL,L,11,Skater,0,47.8,4.345,21,12,1094.0
8480014,,Gabriel Vilardi,WPG,C,11,Skater,0,47.6,4.327,4,4,1118.27
8475768,,Jaden Schwartz,SEA,L,10,Skater,0,47.25000000000001,4.725,18,9,1020.3
8478916,,Joey Daccord,SEA,G,8,Goalie,0,47.25,5.906,0,0,0
8475810,,Bryan Rust,PIT,R,10,Skater,0,47.2,4.72,1,14,1214.2
8479410,,Mikhail Sergachev,UTA,D,11,Skater,0,47.1,4.282,3,21,1492.72
8475172,,Nazem Kadri,CGY,C,12,Skater,0,46.800000000000004,3.9,9,4,1238.83
8477504,,Josh Morrissey,WPG,D,11,Skater,0,46.2,4.2,7,23,1486.09
8477404,,Jake Guentzel,TBL,C,11,Skater,0,45.99999999999999,4.182,2,6,1286.09
8476399,,Blake Coleman,CGY,L,12,Skater,0,45.9,3.825,26,7,1051.66
8484471,,Emmitt Finnie,DET,C,11,Skater,0,45.849999999999994,4.168,27,7,980.09
8482487,,Jakub Dobes,MTL,G,6,Goalie,0,45.75,7.625,0,0,0
8480002,,Nico Hischier,NJD,C,11,Skater,0,45.65,4.15,7,13,1217.63
8475799,,Nino Niederreiter,WPG,R,11,Skater,0,45.50000000000001,4.136,24,3,868.36
8478460,,Zach Werenski,CBJ,D,10,Skater,0,45.099999999999994,4.51,7,17,1555.8
8477987,,Ryan Donato,CHI,C,11,Skater,0,45.050000000000004,4.095,16,3,943.0
8482079,,Marco Rossi,MIN,C,11,Skater,0,45.05,4.095,6,6,1100.09
8484227,,Will Smith,SJS,C,11,Skater,0,45.0,4.091,6,5,1068.72
8475158,,Ryan O'Reilly,NSH,C,12,Skater,0,44.8,3.733,6,11,1174.25
8476459,,Mika Zibanejad,NYR,C,12,Skater,0,44.8,3.733,18,7,1267.25
8475151,,Kyle Palmieri,NYI,C,10,Skater,0,44.6,4.46,10,6,1188.9
8478109,,Victor Olofsson,COL,L,12,Skater,0,44.5,3.708,3,2,818.66
8476468,,J.T. Miller,NYR,C,12,Skater,0,44.449999999999996,3.704,27,4,1253.83
8477507,,Nikita Zadorov,BOS,D,13,Skater,0,44.400000000000006,3.415,49,20,1294.69
8477501,,Valeri Nichushkin,COL,R,12,Skater,0,44.300000000000004,3.692,13,3,1091.0
8477424,,Juuse Saros,NSH,G,10,Goalie,0,44.25,4.425,0,0,0
8477465,,Tristan Jarry,PIT,G,6,Goalie,0,44.0,7.333,0,0,0
8478048,,Igor Shesterkin,NYR,G,9,Goalie,0,44.0,4.889,0,0,0
8477933,,Sam Reinhart,FLA,C,11,Skater,0,43.7,3.973,14,8,1291.09
8475149,,Marcus Johansson,MIN,L,12,Skater,0,43.65,3.637,5,5,963.75
8478469,,Thomas Chabot,OTT,D,12,Skater,0,43.6,3.633,5,25,1363.58
8482113,,Anton Lundell,FLA,C,11,Skater,0,43.6,3.964,9,8,1116.81
8481519,,Spencer Knight,CHI,G,8,Goalie,0,43.5,5.438,0,0,0
8480015,,Owen Tippett,PHI,R,10,Skater,0,43.400000000000006,4.34,20,3,1000.2
8476453,,Nikita Kucherov,TBL,R,9,Skater,0,43.4,4.822,2,3,1262.22
8482157,,Will Cuylle,NYR,L,12,Skater,0,43.25,3.604,44,10,1049.25
8482659,,Josh Doan,BUF,R,11,Skater,0,43.1,3.918,10,3,906.27
8482713,,Mackie Samoskevich,FLA,R,11,Skater,0,43.050000000000004,3.914,21,3,903.72
8482245,,Artem Zub,OTT,D,12,Skater,0,42.949999999999996,3.579,19,16,1129.58
8485366,,Matthew Schaefer,NYI,D,10,Skater,0,42.65,4.265,5,10,1367.0
8481581,,Thomas Harley,DAL,D,11,Skater,0,42.1,3.827,5,31,1377.9
8483457,,Lane Hutson,MTL,D,11,Skater,0,42.0,3.818,8,17,1352.09
8477964,,Ivan Barbashev,VGK,L,11,Skater,0,41.8,3.8,20,2,922.45
8474586,,Jordan Eberle,SEA,R,10,Skater,0,41.599999999999994,4.16,12,5,1173.3
8475167,,Victor Hedman,TBL,D,11,Skater,0,41.0,3.727,6,24,1425.36
8476483,,Rickard Rakell,PIT,R,9,Skater,0,41.0,4.556,9,10,1064.44
8479542,,Brandon Hagel,TBL,L,11,Skater,0,41.0,3.727,8,7,1224.9
8481656,,Aliaksei Protas,WSH,C,10,Skater,0,40.55,4.055,4,7,1120.7
8482155,,Alex Laferriere,LAK,R,12,Skater,0,40.35,3.363,28,9,943.5
8483516,,Jimmy Snuggerud,STL,R,11,Skater,0,40.300000000000004,3.664,8,8,899.0
8482089,,Jake Neighbours,STL,L,8,Skater,0,40.3,5.037,20,5,877.0
8480313,,Logan Thompson,WSH,G,7,Goalie,0,40.25,5.75,0,0,0
8480803,,Evan Bouchard,EDM,D,12,Skater,0,40.150000000000006,3.346,5,17,1414.41
8479378,,Logan Stanley,WPG,D,11,Skater,0,40.0,3.636,21,19,1016.81
8478873,,Troy Terry,ANA,R,9,Skater,0,39.9,4.433,0,1,1085.11
8476432,,Boone Jenner,CBJ,C,10,Skater,0,39.75,3.975,21,10,1003.4
8477967,,Thatcher Demko,VAN,G,7,Goalie,0,39.75,5.679,0,0,0
8481668,,Arturs Silovs,PIT,G,6,Goalie,0,39.75,6.625,0,0,0
8475314,,Anders Lee,NYI,L,10,Skater,0,39.650000000000006,3.965,10,8,905.8
8478440,,Dylan Strome,WSH,C,9,Skater,0,39.6,4.4,3,5,974.22
8476875,,Mike Matheson,MTL,D,11,Skater,0,39.25,3.568,12,24,1492.54
8482077,,Dylan Holloway,STL,L,11,Skater,0,39.2,3.564,34,7,1162.54
8482175,,JJ Peterka,UTA,R,11,Skater,0,38.949999999999996,3.541,2,4,976.45
8475171,,Oliver Ekman-Larsson,TOR,D,11,Skater,0,38.75,3.523,16,13,1199.63
8475722,,Jason Zucker,BUF,L,11,Skater,0,38.699999999999996,3.518,15,1,881.72
8471724,,Kris Letang,PIT,D,12,Skater,0,38.550000000000004,3.213,16,19,1280.33
8481617,,Vasily Podkolzin,EDM,R,12,Skater,0,38.5,3.208,40,9,857.08
8479385,,Jordan Kyrou,STL,R,11,Skater,0,38.449999999999996,3.495,2,6,1078.9
8481618,,Alex Newhook,MTL,C,11,Skater,0,38.4,3.491,15,4,897.81
8482809,,Jackson Blake,CAR,R,10,Skater,0,38.25,3.825,2,3,989.2
8475287,,Erik Haula,NSH,L,12,Skater,0,38.2,3.183,20,4,923.83
8482730,,Brandt Clarke,LAK,D,12,Skater,0,38.0,3.167,5,23,1007.25
8478872,,Karel Vejmelka,UTA,G,8,Goalie,0,38.0,4.75,0,0,0
8475218,,Mattias Ekholm,EDM,D,12,Skater,0,37.95,3.163,9,27,1190.58
8474590,,John Carlson,WSH,D,10,Skater,0,37.9,3.79,6,14,1406.1
8476461,,Sean Couturier,PHI,C,10,Skater,0,37.9,3.79,9,9,1089.4
8479591,,Michael Eyssimont,BOS,C,13,Skater,0,37.800000000000004,2.908,8,6,683.76
8478435,,Dan Vladar,PHI,G,6,Goalie,0,37.75,6.292,0,0,0
8476331,,Dylan DeMelo,WPG,D,11,Skater,0,37.7,3.427,10,24,1326.45
8477986,,Brandon Montour,SEA,D,6,Skater,0,37.6,6.267,10,14,1401.5
8478449,,Roope Hintz,DAL,C,8,Skater,0,37.5,4.688,4,5,1141.37
8480355,,Mark Kastelic,BOS,C,13,Skater,0,37.5,2.885,25,18,734.53
8475169,,Evander Kane,VAN,L,12,Skater,0,37.45,3.121,28,8,1043.75
8482100,,Alexander Nikishin,CAR,D,10,Skater,0,37.45,3.745,28,16,1157.6
8482737,,Zachary Bolduc,MTL,R,11,Skater,0,37.4,3.4,14,4,800.18
8476882,,Teuvo Teravainen,CHI,C,11,Skater,0,37.199999999999996,3.382,7,6,1117.0
8479425,,Filip Hronek,VAN,D,12,Skater,0,37.1,3.092,24,18,1486.75
8481553,,Bobby Brink,PHI,R,10,Skater,0,37.0,3.7,13,4,1005.7
8475683,,Sergei Bobrovsky,FLA,G,8,Goalie,0,37.0,4.625,0,0,0
8479345,,Jakob Chychrun,WSH,D,10,Skater,0,36.95,3.695,13,8,1402.3
8478439,,Travis Konecny,PHI,R,10,Skater,0,36.85,3.685,15,8,1118.5
8473512,,Claude Giroux,OTT,R,12,Skater,0,36.849999999999994,3.071,10,2,976.91
8475455,,Brenden Dillon,NJD,D,11,Skater,0,36.800000000000004,3.345,27,18,1100.63
8480865,,Noah Dobson,MTL,D,11,Skater,0,36.75,3.341,4,23,1355.18
8480220,,Noah Cates,PHI,L,10,Skater,0,36.7,3.67,8,8,1051.2
8479661,,Tanner Jeannot,BOS,L,13,Skater,0,36.65,2.819,25,13,797.76
8480459,,Pius Suter,STL,C,11,Skater,0,36.449999999999996,3.314,10,6,993.63
8482745,,Mason McTavish,ANA,C,9,Skater,0,36.449999999999996,4.05,16,7,1143.88
8471214,,Alex Ovechkin,WSH,L,10,Skater,0,36.4,3.64,20,0,1076.8
8479671,,Mathieu Olivier,CBJ,R,10,Skater,0,36.4,3.64,31,9,875.1
8482703,,Colton Dach,CHI,C,11,Skater,0,36.300000000000004,3.3,48,6,840.45
8475726,,Tyler Toffoli,SJS,C,11,Skater,0,36.3,3.3,10,7,1032.0
8476885,,Jacob Trouba,ANA,D,9,Skater,0,36.25,4.028,25,20,1262.88
8477346,,MacKenzie Weegar,CGY,D,12,Skater,0,36.150000000000006,3.013,28,18,1469.0
8478445,,Mathew Barzal,NYI,C,9,Skater,0,36.050000000000004,4.006,4,9,1269.11
8478508,,Yakov Trenin,MIN,C,12,Skater,0,36.05,3.004,60,6,781.5
8481542,,Moritz Seider,DET,D,11,Skater,0,36.0,3.273,22,16,1517.9
8474596,,Jake Allen,NJD,G,7,Goalie,0,36.0,5.143,0,0,0
8478007,,Elvis Merzlikins,CBJ,G,5,Goalie,0,36.0,7.2,0,0,0
8480807,,Mattias Samuelsson,BUF,D,9,Skater,0,35.85,3.983,13,24,1251.88
8478450,,Parker Wotherspoon,PIT,D,12,Skater,0,35.75,2.979,17,19,1292.83
8484798,,Zeev Buium,MIN,D,12,Skater,0,35.7,2.975,3,4,1176.83
8479525,,Ross Colton,COL,C,12,Skater,0,35.6,2.967,33,6,736.16
8477451,,Ryan Hartman,MIN,R,12,Skater,0,35.550000000000004,2.963,9,11,989.5
8482762,,Simon Edvinsson,DET,D,11,Skater,0,35.5,3.227,9,29,1265.45
8482122,,Brock Faber,MIN,D,12,Skater,0,35.4,2.95,5,21,1375.41
8480289,,Morgan Barron,WPG,C,11,Skater,0,35.199999999999996,3.2,19,7,749.18
8480028,,Morgan Frost,CGY,C,12,Skater,0,35.05,2.921,7,5,951.25
8484984,,Ivan Demidov,MTL,R,11,Skater,0,35.00000000000001,3.182,3,4,827.18
8478421,,A.J. Greer,FLA,L,11,Skater,0,34.9,3.173,31,4,530.81
8478010,,Brayden Point,TBL,C,11,Skater,0,34.849999999999994,3.168,2,5,1157.18
8477015,,Connor Brown,NJD,R,11,Skater,0,34.8,3.164,6,10,946.54
8483609,,Adam Klapka,CGY,R,11,Skater,0,34.8,3.164,36,5,611.72
8476448,,William Karlsson,VGK,C,11,Skater,0,34.75,3.159,1,12,939.18
8476921,,Jordan Martinook,CAR,L,10,Skater,0,34.65,3.465,20,10,879.4
8475170,,Brayden Schenn,STL,C,11,Skater,0,34.6,3.145,28,3,1032.36
8470613,,Brent Burns,COL,D,12,Skater,0,34.599999999999994,2.883,3,15,1214.83
8474578,,Erik Karlsson,PIT,D,12,Skater,0,34.5,2.875,0,13,1347.33
8482775,,Oliver Kapanen,MTL,C,11,Skater,0,34.5,3.136,8,6,743.81
8475311,,Darcy Kuemper,LAK,G,8,Goalie,0,34.5,4.313,0,0,0
8474102,,David Perron,OTT,L,12,Skater,0,34.300000000000004,2.858,15,3,871.08
8482109,,Alexis Lafrenière,NYR,L,12,Skater,0,34.1,2.842,19,8,1085.66
8483464,,Marco Kasper,DET,C,11,Skater,0,34.050000000000004,3.095,31,8,945.0
8476480,,Vladislav Namestnikov,WPG,C,11,Skater,0,34.0,3.091,10,5,917.9
8481721,,Arseny Gritsyuk,NJD,R,11,Skater,0,33.85,3.077,17,1,812.18
8480980,,Connor Dewar,PIT,C,12,Skater,0,33.7,2.808,28,5,792.08
8477573,,Nathan Walker,STL,L,11,Skater,0,33.65,3.059,38,6,757.81
8478854,,Ryan Shea,PIT,D,12,Skater,0,33.65,2.804,3,16,1237.66
8477505,,Alexander Wennberg,SJS,C,11,Skater,0,33.6,3.055,3,11,1212.54
8478397,,Rasmus Andersson,CGY,D,12,Skater,0,33.6,2.8,7,18,1441.5
8474641,,Adam Henrique,EDM,C,12,Skater,0,33.55,2.796,6,15,811.25
8476469,,Joel Armia,LAK,R,12,Skater,0,33.5,2.792,14,7,861.91
8482078,,Lucas Raymond,DET,L,9,Skater,0,33.5,3.722,2,3,1032.88
8480843,,Lukas Dostal,ANA,G,7,Goalie,0,33.5,4.786,0,0,0
8484145,,Zach Benson,BUF,L,8,Skater,0,33.45,4.181,4,6,1142.12
8476539,,Jonathan Marchessault,NSH,R,9,Skater,0,33.449999999999996,3.717,20,1,1056.77
8477479,,Tyler Bertuzzi,CHI,L,10,Skater,0,33.4,3.34,13,0,1007.9
8475753,,Justin Faulk,STL,D,11,Skater,0,33.35,3.032,11,21,1395.09
8479973,,Stuart Skinner,EDM,G,8,Goalie,0,33.25,4.156,0,0,0
8478550,,Artemi Panarin,NYR,L,12,Skater,0,33.24999999999999,2.771,2,2,1271.16
8475745,,Charlie Coyle,CBJ,C,10,Skater,0,33.2,3.32,14,4,996.4
8482062,,Cole Smith,NSH,R,12,Skater,0,33.050000000000004,2.754,35,3,863.83
8475798,,Mikael Granlund,ANA,C,8,Skater,0,32.95,4.119,3,3,1037.62
8478468,,Jeremy Lauzon,VGK,D,11,Skater,0,32.95,2.995,41,16,1037.45
8477495,,Seth Jones,FLA,D,11,Skater,0,32.8,2.982,15,10,1417.45
8475842,,Sam Carrick,NYR,C,12,Skater,0,32.65,2.721,17,9,752.83
8477446,,Michael McCarron,NSH,C,12,Skater,0,32.65,2.721,32,11,881.58
8480448,,Parker Kelly,COL,C,12,Skater,0,32.65,2.721,28,10,686.58
8480797,,Joel Farabee,CGY,L,12,Skater,0,32.65,2.721,15,10,1073.66
8482073,,Braden Schneider,NYR,D,12,Skater,0,32.6,2.717,29,14,1105.25
8483489,,Fraser Minten,BOS,C,13,Skater,0,32.6,2.508,22,14,782.76
8483808,,Andrei Kuzmenko,LAK,L,12,Skater,0,32.599999999999994,2.717,13,5,958.08
8482259,,Bobby McMann,TOR,C,11,Skater,0,32.45,2.95,36,5,944.18
8482159,,Tyson Foerster,PHI,R,10,Skater,0,32.35,3.235,7,6,1098.3
8479983,,Mario Ferraro,SJS,D,11,Skater,0,32.25,2.932,22,27,1260.63
8476883,,Andrei Vasilevskiy,TBL,G,8,Goalie,0,32.25,4.031,0,0,0
8479406,,Filip Gustavsson,MIN,G,9,Goalie,0,32.25,3.583,0,0,0
8482702,,Logan Stankoven,CAR,C,10,Skater,0,32.2,3.22,3,3,958.3
8478057,,Dakota Joshua,TOR,C,11,Skater,0,32.150000000000006,2.923,37,8,714.27
8476931,,Jake McCabe,TOR,D,11,Skater,0,32.1,2.918,15,28,1261.0
8477402,,Pavel Buchnevich,STL,L,11,Skater,0,32.1,2.918,9,3,1103.63
8474013,,Ian Cole,UTA,D,11,Skater,0,32.050000000000004,2.914,15,28,1115.09
8478542,,Evan Rodrigues,FLA,C,11,Skater,0,32.0,2.909,14,7,996.9
8477444,,Andre Burakovsky,CHI,L,10,Skater,0,31.9,3.19,5,3,1016.7
8476419,,Jean-Gabriel Pageau,NYI,C,10,Skater,0,31.700000000000003,3.17,19,9,884.4
8480036,,Miro Heiskanen,DAL,D,11,Skater,0,31.7,2.882,3,14,1510.18
8480800,,Quinn Hughes,VAN,D,9,Skater,0,31.299999999999997,3.478,1,6,1597.55
8470621,,Corey Perry,LAK,R,6,Skater,0,31.25,5.208,2,2,862.0
8481524,,Bowen Byram,BUF,D,11,Skater,0,31.25,2.841,10,17,1349.45
8478891,,Mason Appleton,DET,C,11,Skater,0,31.2,2.836,10,7,868.27
8483524,,Shane Wright,SEA,C,10,Skater,0,31.1,3.11,8,6,896.5
8478851,,Alexandre Carrier,MTL,D,11,Skater,0,31.05,2.823,5,29,1106.0
8479390,,Taylor Raddysh,NYR,R,12,Skater,0,30.95,2.579,9,3,733.66
8480113,,Alex Iafallo,WPG,L,11,Skater,0,30.95,2.814,13,8,946.45
8478407,,Vince Dunn,SEA,D,10,Skater,0,30.9,3.09,1,7,1417.4
8480796,,Martin Fehervary,WSH,D,10,Skater,0,30.85,3.085,19,18,1153.6
8482092,,Ridly Greig,OTT,C,12,Skater,0,30.849999999999998,2.571,16,8,1022.16
8474574,,Tyler Myers,VAN,D,12,Skater,0,30.75,2.563,14,27,1282.0
8474150,,Mikael Backlund,CGY,C,12,Skater,0,30.700000000000003,2.558,9,2,1021.75
8476853,,Morgan Rielly,TOR,D,10,Skater,0,30.7,3.07,7,10,1300.6
8483468,,Jiri Kulich,BUF,C,11,Skater,0,30.55,2.777,8,12,1009.36
8477447,,Shea Theodore,VGK,D,11,Skater,0,30.4,2.764,0,25,1462.81
8484186,,Ryan Leonard,WSH,R,10,Skater,0,30.349999999999998,3.035,15,3,771.4
8476393,,Nick Cousins,OTT,C,12,Skater,0,30.200000000000003,2.517,24,9,688.33
8480802,,Ryan McLeod,BUF,C,11,Skater,0,30.200000000000003,2.745,2,6,1069.81
8482684,,Luke Hughes,NJD,D,11,Skater,0,30.200000000000003,2.745,7,9,1256.81
8483495,,Simon Nemec,NJD,D,11,Skater,0,30.200000000000003,2.745,2,19,996.0
8478444,,Brock Boeser,VAN,R,10,Skater,0,30.2,3.02,5,3,1077.0
8476312,,Josh Manson,COL,D,12,Skater,0,30.050000000000004,2.504,23,19,1084.16
8474189,,Lars Eller,OTT,C,12,Skater,0,29.95,2.496,10,8,846.5
8481601,,Simon Holmstrom,NYI,R,10,Skater,0,29.9,2.99,3,12,837.2
8474151,,Ryan McDonagh,TBL,D,11,Skater,0,29.75,2.705,7,18,1271.81
8475660,,Cam Talbot,DET,G,6,Goalie,0,29.75,4.958,0,0,0
8473604,,Jonathan Toews,WPG,C,11,Skater,0,29.7,2.7,1,8,978.63
8478498,,Jake DeBrusk,VAN,L,12,Skater,0,29.65,2.471,8,7,1070.83
8475279,,Ben Chiarot,DET,D,11,Skater,0,29.6,2.691,22,20,1288.72
8474600,,Roman Josi,NSH,D,8,Skater,0,29.55,3.694,4,15,1445.12
8476441,,Joel Edmundson,LAK,D,12,Skater,0,29.5,2.458,15,10,1032.75
8481033,,Akira Schmid,VGK,G,6,Goalie,0,29.5,4.917,0,0,0
8482665,,Matty Beniers,SEA,C,10,Skater,0,29.499999999999996,2.95,6,8,1191.5
8475754,,Brock Nelson,COL,C,12,Skater,0,29.450000000000003,2.454,9,10,1154.91
8476892,,Colton Parayko,STL,D,11,Skater,0,29.400000000000002,2.673,11,18,1385.54
8477494,,Jonathan Drouin,NYI,L,9,Skater,0,29.35,3.261,4,4,1080.11
8478416,,Erik Cernak,TBL,D,11,Skater,0,29.299999999999997,2.664,26,26,1142.18
8475883,,Frederik Andersen,CAR,G,6,Goalie,0,29.25,4.875,0,0,0
8476999,,Linus Ullmark,OTT,G,10,Goalie,0,29.25,2.925,0,0,0
8482097,,Jack Quinn,BUF,R,11,Skater,0,29.200000000000003,2.655,4,4,902.54
8477409,,Carter Verhaeghe,FLA,C,11,Skater,0,29.15,2.65,7,3,1073.9
8478042,,Viktor Arvidsson,BOS,L,13,Skater,0,29.15,2.242,8,5,834.0
8480185,,Eetu Luostarinen,FLA,C,11,Skater,0,29.1,2.645,26,12,995.72
8479066,,Ryan Lomberg,CGY,L,12,Skater,0,29.0,2.417,49,5,539.5
8475760,,Nick Bjugstad,STL,C,11,Skater,0,28.95,2.632,25,10,616.18
8480798,,Philipp Kurashev,SJS,C,9,Skater,0,28.95,3.217,8,5,1071.0
8484166,,Adam Fantilli,CBJ,C,10,Skater,0,28.900000000000002,2.89,14,5,958.2
8476932,,Anthony Stolarz,TOR,G,8,Goalie,0,28.75,3.594,0,0,0
8475794,,Tyler Seguin,DAL,C,11,Skater,0,28.349999999999998,2.577,8,5,1042.81
8478013,,Jake Walman,EDM,D,6,Skater,0,28.3,4.717,3,14,1190.0
8484762,,Beckett Sennecke,ANA,R,9,Skater,0,28.299999999999997,3.144,11,5,1047.55
8480995,,Pontus Holmberg,TBL,R,11,Skater,0,28.200000000000003,2.564,17,7,738.27
8475765,,Vladimir Tarasenko,MIN,R,12,Skater,0,28.2,2.35,8,5,958.41
8479369,,Andrew Peeke,BOS,D,13,Skater,0,28.2,2.169,18,30,1141.07
8480145,,Neal Pionk,WPG,D,11,Skater,0,28.1,2.555,16,19,1427.36
8481806,,Louis Crevier,CHI,D,10,Skater,0,28.1,2.81,15,6,753.7
8477429,,Andrew Copp,DET,C,11,Skater,0,28.05,2.55,10,9,906.54
8474716,,Jared Spurgeon,MIN,D,12,Skater,0,28.049999999999997,2.337,21,21,1275.33
8481692,,Dustin Wolf,CGY,G,10,Goalie,0,28.0,2.8,0,0,0
8474563,,Drew Doughty,LAK,D,12,Skater,0,27.950000000000003,2.329,9,17,1429.5
8480336,,Sean Walker,CAR,D,10,Skater,0,27.900000000000002,2.79,25,17,1435.3
8473422,,Nick Foligno,CHI,L,8,Skater,0,27.8,3.475,23,7,885.0
8481527,,Kaedan Korczak,VGK,D,11,Skater,0,27.75,2.523,22,19,1004.9
8478500,,Ivan Provorov,CBJ,D,10,Skater,0,27.7,2.77,8,14,1438.5
8476902,,Esa Lindell,DAL,D,11,Skater,0,27.6,2.509,11,22,1354.0
8480848,,Ty Dellandrea,SJS,C,11,Skater,0,27.500000000000004,2.5,27,7,787.18
8477948,,Travis Sanheim,PHI,D,10,Skater,0,27.450000000000003,2.745,9,22,1587.5
8475184,,Chris Kreider,ANA,L,5,Skater,0,27.4,5.48,5,1,1046.6
8482511,,Mason Lohrei,BOS,D,11,Skater,0,27.35,2.486,5,14,1086.9
8473533,,Jordan Staal,CAR,C,10,Skater,0,27.25,2.725,18,5,923.8
8480188,,Fabian Zetterlund,OTT,L,12,Skater,0,27.25,2.271,23,4,824.75
8478474,,Lawson Crouse,UTA,L,11,Skater,0,27.200000000000003,2.473,31,6,875.09
8479293,,Brandon Tanev,UTA,L,11,Skater,0,27.1,2.464,45,7,640.63
8475791,,Taylor Hall,CAR,L,10,Skater,0,27.0,2.7,6,4,844.1
8477950,,Tony DeAngelo,NYI,D,10,Skater,0,27.0,2.7,8,11,1111.8
8482408,,Jeff Malott,LAK,L,10,Skater,0,26.900000000000002,2.69,30,2,448.9
8484258,,Sam Malinski,COL,D,12,Skater,0,26.85,2.238,4,14,903.91
8483506,,Sam Rinzel,CHI,D,11,Skater,0,26.700000000000003,2.427,12,15,1195.27
8471817,,Ryan Reaves,SJS,R,10,Skater,0,26.7,2.67,37,1,402.6
8481006,,Tyler Tucker,STL,D,11,Skater,0,26.650000000000002,2.423,16,8,771.81
8477932,,Aaron Ekblad,FLA,D,11,Skater,0,26.65,2.423,12,16,1430.9
8475784,,Jeff Skinner,SJS,L,10,Skater,0,26.55,2.655,4,2,808.4
8481624,,Ilya Mikheyev,CHI,R,9,Skater,0,26.55,2.95,8,4,1067.22
8476374,,Sean Kuraly,BOS,C,13,Skater,0,26.5,2.038,13,9,843.76
8471685,,Anze Kopitar,LAK,C,8,Skater,0,26.35,3.294,9,9,1168.12
8477935,,Sam Bennett,FLA,C,11,Skater,0,26.200000000000003,2.382,23,5,1048.72
8478975,,Mason Marchment,SEA,L,9,Skater,0,26.200000000000003,2.911,12,4,938.44
8476905,,Chandler Stephenson,SEA,C,10,Skater,0,26.15,2.615,1,10,1230.8
8482705,,Cole Sillinger,CBJ,C,10,Skater,0,26.0,2.6,10,1,905.1
8476906,,Shayne Gostisbehere,CAR,D,6,Skater,0,25.9,4.317,2,8,874.33
8480023,,Robert Thomas,STL,C,8,Skater,0,25.9,3.237,3,6,1122.75
8479675,,Trevor Moore,LAK,L,11,Skater,0,25.800000000000004,2.345,4,6,956.27
8477527,,Ross Johnston,ANA,L,8,Skater,0,25.8,3.225,18,2,519.62
8477989,,Christian Dvorak,PHI,C,10,Skater,0,25.799999999999997,2.58,8,6,942.1
8480834,,Ty Emberson,EDM,D,12,Skater,0,25.75,2.146,16,19,930.91
8480280,,Jeremy Swayman,BOS,G,7,Goalie,0,25.75,3.679,0,0,0
8481605,,Jackson LaCombe,ANA,D,9,Skater,0,25.6,2.844,9,19,1536.88
8479359,,Beck Malenstyn,BUF,L,10,Skater,0,25.599999999999998,2.56,36,13,686.1
8482146,,Luke Evangelista,NSH,R,11,Skater,0,25.499999999999996,2.318,1,3,822.45
8482679,,Matt Coronato,CGY,R,11,Skater,0,25.45,2.314,1,4,1014.81
8478136,,Jake Middleton,MIN,D,12,Skater,0,25.4,2.117,19,21,1039.41
8481563,,Drew Helleson,ANA,D,9,Skater,0,25.35,2.817,7,7,1134.22
8475848,,Brendan Gallagher,MTL,R,11,Skater,0,25.2,2.291,9,1,815.54
8481522,,Peyton Krebs,BUF,C,11,Skater,0,25.1,2.282,25,5,773.27
8482671,,Owen Power,BUF,D,10,Skater,0,25.05,2.505,7,9,1301.6
8479999,,Casey Mittelstadt,BOS,C,12,Skater,0,25.049999999999997,2.087,1,6,850.16
8476826,,Yanni Gourde,TBL,C,11,Skater,0,24.900000000000002,2.264,17,5,945.81
8478438,,Thomas Novak,PIT,C,12,Skater,0,24.900000000000002,2.075,4,5,712.16
8478020,,Michael Amadio,OTT,R,12,Skater,0,24.85,2.071,16,12,882.08
8476372,,Nick Seeler,PHI,D,10,Skater,0,24.8,2.48,22,18,1219.9
8478434,,Keegan Kolesar,VGK,R,11,Skater,0,24.799999999999997,2.255,30,11,663.09
8480246,,Nick Perbix,NSH,D,12,Skater,0,24.75,2.063,5,18,1254.58
8477506,,Ryan Pulock,NYI,D,10,Skater,0,24.700000000000003,2.47,9,19,1152.2
8480817,,K'Andre Miller,CAR,D,6,Skater,0,24.7,4.117,6,8,1411.66
8477503,,Max Domi,TOR,C,11,Skater,0,24.65,2.241,2,6,789.54
8479982,,Conor Timmins,BUF,D,11,Skater,0,24.65,2.241,7,25,1221.18
8483485,,Denton Mateychuk,CBJ,D,10,Skater,0,24.55,2.455,9,18,1115.9
8482142,,Jamie Drysdale,PHI,D,10,Skater,0,24.5,2.45,3,14,1323.2
8481568,,Alex Vlasic,CHI,D,10,Skater,0,24.45,2.445,11,17,1292.8
8480855,,Jack McBain,UTA,C,11,Skater,0,24.400000000000002,2.218,24,7,822.81
8476889,,Radek Faksa,DAL,C,11,Skater,0,24.35,2.214,19,9,739.9
8484387,,Matvei Michkov,PHI,R,10,Skater,0,24.35,2.435,8,2,900.7
8481032,,Paul Cotter,NJD,L,11,Skater,0,24.25,2.205,30,3,729.81
8484223,,Axel Sandin-Pellikka,DET,D,11,Skater,0,24.2,2.2,3,17,1139.18
8479981,,Jonah Gadjovich,FLA,L,10,Skater,0,24.099999999999998,2.41,30,3,476.6
8481122,,Simon Benoit,TOR,D,11,Skater,0,24.050000000000004,2.186,29,14,1041.63
8478055,,Gustav Forsling,FLA,D,11,Skater,0,24.05,2.186,14,13,1355.45
8483425,,Lian Bichsel,DAL,D,11,Skater,0,24.05,2.186,36,14,873.45
8480835,,Jack Drury,COL,C,12,Skater,0,23.900000000000002,1.992,5,12,871.41
8480860,,Kevin Bahl,CGY,D,12,Skater,0,23.900000000000002,1.992,9,17,1254.75
8476457,,Adam Larsson,SEA,D,10,Skater,0,23.9,2.39,16,22,1331.3
8476429,,Scott Mayfield,NYI,D,10,Skater,0,23.8,2.38,5,15,1081.3
8481546,,Cam York,PHI,D,7,Skater,0,23.8,3.4,0,15,1507.0
8478472,,Mathieu Joseph,STL,R,11,Skater,0,23.700000000000003,2.155,22,5,766.72
8478366,,Frank Vatrano,ANA,R,9,Skater,0,23.65,2.628,28,6,774.55
8477454,,Adam Erne,DAL,L,8,Skater,0,23.6,2.95,32,6,614.5
8478133,,Jake Evans,MTL,C,11,Skater,0,23.3,2.118,14,13,979.81
8478233,,Andrew Mangiapane,EDM,L,12,Skater,0,23.15,1.929,10,6,943.0
8476879,,Cody Ceci,LAK,D,12,Skater,0,23.05,1.921,7,15,1073.16
8476871,,Tanner Pearson,WPG,L,11,Skater,0,23.0,2.091,12,8,665.72
8479365,,Trent Frederic,EDM,C,12,Skater,0,23.0,1.917,33,4,754.16
8483548,,Brandon Bussi,CAR,G,4,Goalie,0,23.0,5.75,0,0,0
8475188,,Brayden McNabb,VGK,D,11,Skater,0,22.85,2.077,16,36,1290.45
8476434,,John Gibson,DET,G,6,Goalie,0,22.75,3.792,0,0,0
8476914,,Joonas Korpisalo,BOS,G,6,Goalie,0,22.75,3.792,0,0,0
8475231,,Casey Cizikas,NYI,C,10,Skater,0,22.650000000000002,2.265,27,7,642.2
8475324,,Nick Jensen,OTT,D,12,Skater,0,22.65,1.887,12,16,1107.58
8478840,,Will Borgen,NYR,D,12,Skater,0,22.65,1.887,18,16,1131.33
8476923,,Damon Severson,CBJ,D,10,Skater,0,22.6,2.26,10,12,1190.2
8481582,,Nicholas Robertson,TOR,L,10,Skater,0,22.55,2.255,12,0,729.1
8478507,,John Marino,UTA,D,11,Skater,0,22.5,2.045,2,11,1213.72
8479372,,Josh Mahura,SEA,D,10,Skater,0,22.5,2.25,11,17,939.4
8480009,,Eeli Tolvanen,SEA,R,10,Skater,0,22.450000000000003,2.245,27,10,900.7
8485414,,Ben Kindel,PIT,C,10,Skater,0,22.45,2.245,3,8,792.1
8477955,,Jared McCann,SEA,L,5,Skater,0,22.400000000000002,4.48,7,4,1037.4
8474679,,Gustav Nyquist,WPG,R,11,Skater,0,22.4,2.036,6,5,739.18
8475764,,Cam Fowler,STL,D,11,Skater,0,22.249999999999996,2.023,1,8,1381.36
8477456,,J.T. Compher,DET,L,11,Skater,0,22.15,2.014,3,7,1008.27
8478874,,Adam Gaudette,SJS,R,9,Skater,0,22.1,2.456,5,0,642.22
8480003,,Jesper Boqvist,FLA,C,11,Skater,0,22.1,2.009,31,6,692.09
8477497,,Sean Monahan,CBJ,C,10,Skater,0,21.999999999999996,2.2,8,1,1113.6
8474141,,Patrick Kane,DET,R,5,Skater,0,21.95,4.39,2,1,1034.2
8482145,,Mavrik Bourque,DAL,C,11,Skater,0,21.900000000000002,1.991,6,9,892.18
8480043,,Timothy Liljegren,SJS,D,8,Skater,0,21.9,2.737,10,18,1370.87
8476455,,Gabriel Landeskog,COL,L,12,Skater,0,21.75,1.813,19,3,852.58
8482982,,Jet Greaves,CBJ,G,5,Goalie,0,21.75,4.35,0,0,0
8484783,,Artyom Levshunov,CHI,D,10,Skater,0,21.650000000000002,2.165,12,4,888.1
8477969,,Marcus Pettersson,VAN,D,12,Skater,0,21.6,1.8,7,20,1228.25
8476869,,Brady Skjei,NSH,D,12,Skater,0,21.55,1.796,10,10,1393.91
8478462,,Nicolas Roy,TOR,C,11,Skater,0,21.500000000000004,1.955,14,9,813.45
8475462,,Radko Gudas,ANA,D,7,Skater,0,21.400000000000002,3.057,23,12,934.71
8480035,,Henri Jokiharju,BOS,D,13,Skater,0,21.400000000000002,1.646,10,14,1081.69
8476467,,Jamie Oleksiak,SEA,D,10,Skater,0,21.4,2.14,16,18,1041.5
8480830,,Andrei Svechnikov,CAR,R,10,Skater,0,21.4,2.14,7,1,891.0
8475343,,Nic Dowd,WSH,C,10,Skater,0,21.35,2.135,17,5,891.0
8478569,,Noel Acciari,PIT,C,11,Skater,0,21.35,1.941,18,10,841.54
8482201,,Gage Goncalves,TBL,C,11,Skater,0,21.300000000000004,1.936,12,9,726.27
8476422,,Mike Reilly,CAR,D,7,Skater,0,21.3,3.043,3,9,1102.57
8475220,,Marcus Foligno,MIN,L,11,Skater,0,21.250000000000004,1.932,33,9,787.09
8478970,,Jalen Chatfield,CAR,D,10,Skater,0,21.25,2.125,9,12,1276.4
8477968,,Alex Nedeljkovic,SJS,G,5,Goalie,0,21.25,4.25,0,0,0
8481789,,Tye Kartye,SEA,L,10,Skater,0,21.200000000000003,2.12,29,4,709.2
8478904,,Steven Lorentz,TOR,C,8,Skater,0,21.2,2.65,18,5,596.37
8483690,,Noah Laba,NYR,C,12,Skater,0,21.15,1.762,10,10,684.66
8477488,,Brett Pesce,NJD,D,9,Skater,0,21.1,2.344,4,24,1179.33
8479371,,Dante Fabbro,CBJ,D,10,Skater,0,21.1,2.11,3,20,1038.1
8478047,,Michael Bunting,NSH,L,12,Skater,0,21.050000000000004,1.754,4,6,869.58
8474564,,Steven Stamkos,NSH,C,12,Skater,0,20.900000000000002,1.742,5,7,1044.83
8481523,,Kirby Dach,MTL,C,8,Skater,0,20.900000000000002,2.613,11,9,814.5
8483497,,Jani Nyman,SEA,R,10,Skater,0,20.85,2.085,11,2,648.8
8480762,,Eric Robinson,CAR,L,7,Skater,0,20.75,2.964,9,1,597.14
8478458,,Jack Roslovic,EDM,C,10,Skater,0,20.450000000000003,2.045,4,4,944.4
8480842,,Filip Hallander,PIT,C,11,Skater,0,20.45,1.859,3,4,792.18
8475755,,Alexander Petrovic,DAL,D,9,Skater,0,20.400000000000002,2.267,16,13,802.44
8477903,,Garnet Hathaway,PHI,R,10,Skater,0,20.400000000000002,2.04,33,9,577.7
8484180,,Samuel Honzek,CGY,L,10,Skater,0,20.400000000000002,2.04,23,3,730.6
8477940,,Nikolaj Ehlers,CAR,L,10,Skater,0,20.4,2.04,5,3,1029.7
8477839,,Conor Sheary,NYR,L,12,Skater,0,20.3,1.692,3,8,967.08
8479619,,Michael Carcone,UTA,L,9,Skater,0,20.2,2.244,9,3,624.11
8481598,,Philip Broberg,STL,D,11,Skater,0,20.2,1.836,4,8,1316.27
8482460,,Matt Rempe,NYR,C,9,Skater,0,20.2,2.244,30,2,588.44
8479998,,Mikey Anderson,LAK,D,12,Skater,0,20.150000000000002,1.679,16,19,1196.91
8485493,,David Tomasek,EDM,R,11,Skater,0,20.15,1.832,7,1,740.81
8481043,,Cole Koepke,WPG,L,11,Skater,0,20.099999999999998,1.827,30,3,601.72
8482111,,Justin Barron,NSH,D,12,Skater,0,20.05,1.671,11,15,935.66
8476822,,Luke Glendening,NJD,C,11,Skater,0,20.0,1.818,19,10,647.72
8476341,,Anton Forsberg,LAK,G,4,Goalie,0,20.0,5.0,0,0,0
8479520,,Brandon Duhaime,WSH,R,10,Skater,0,19.95,1.995,30,5,773.4
8479944,,Zach Aston-Reese,CBJ,C,8,Skater,0,19.900000000000002,2.488,21,4,617.87
8481013,,Jonatan Berggren,DET,R,7,Skater,0,19.9,2.843,5,0,765.28
8482660,,Kent Johnson,CBJ,C,10,Skater,0,19.9,1.99,1,5,923.2
8481726,,Adam Edstrom,NYR,C,12,Skater,0,19.8,1.65,26,5,599.16
8480078,,Filip Chytil,VAN,C,6,Skater,0,19.75,3.292,3,4,938.16
8482691,,Aatu Raty,VAN,C,10,Skater,0,19.700000000000003,1.97,27,4,759.8
8479351,,Sam Steel,DAL,C,11,Skater,0,19.6,1.782,15,7,1046.72
8484136,,Max Sasson,VAN,C,9,Skater,0,19.6,2.178,4,10,603.55
8482475,,Yegor Chinakhov,CBJ,R,7,Skater,0,19.55,2.793,5,2,619.42
8477018,,Ben Hutton,VGK,D,10,Skater,0,19.45,1.945,5,13,926.7
8480727,,Zach Whitecloud,VGK,D,11,Skater,0,19.45,1.768,23,13,1039.81
8482117,,Lukas Reichel,"CHI,VAN",L,9,Skater,0,19.45,2.161,3,4,772.0
8479992,,Michael Rasmussen,DET,C,10,Skater,0,19.400000000000002,1.94,11,9,703.2
8481056,,Spencer Stastney,NSH,D,12,Skater,0,19.400000000000002,1.617,1,9,925.33
8481580,,Connor McMichael,WSH,C,10,Skater,0,19.400000000000002,1.94,4,5,919.1
8481704,,Juuso Parssinen,NYR,C,8,Skater,0,19.3,2.413,8,8,538.0
8478882,,Vladislav Gavrikov,NYR,D,12,Skater,0,19.25,1.604,3,19,1391.58
8477992,,Jonas Johansson,TBL,G,3,Goalie,0,19.25,6.417,0,0,0
8477416,,Oliver Bjorkstrand,TBL,R,11,Skater,0,19.2,1.745,9,3,840.81
8477220,,Nate Schmidt,UTA,D,11,Skater,0,19.15,1.741,14,11,1247.0
8482103,,Ozzy Wiesblatt,NSH,C,9,Skater,0,19.05,2.117,21,5,660.0
8481606,,Jordan Spence,OTT,D,5,Skater,0,19.0,3.8,7,3,1068.0
8471734,,Jonathan Quick,NYR,G,3,Goalie,0,19.0,6.333,0,0,0
8481754,,Nikita Nesterenko,ANA,C,7,Skater,0,18.85,2.693,15,4,779.57
8477407,,Anthony Duclair,NYI,L,10,Skater,0,18.8,1.88,0,7,949.6
8484794,,Michael Brandsegg-Nygård,DET,R,9,Skater,0,18.8,2.089,28,3,747.0
8482055,,Drew O'Connor,VAN,L,12,Skater,0,18.75,1.563,10,7,847.91
8481068,,Yegor Sharangovich,CGY,C,10,Skater,0,18.7,1.87,3,5,896.0
8476473,,Connor Murphy,CHI,D,11,Skater,0,18.65,1.695,9,13,944.18
8482896,,Tyson Kozak,BUF,C,7,Skater,0,18.450000000000003,2.636,19,4,592.14
8476456,,Jonathan Huberdeau,CGY,L,7,Skater,0,18.45,2.636,3,3,1199.0
8476479,,Phillip Danault,LAK,C,12,Skater,0,18.400000000000002,1.533,12,2,1014.91
8484911,,Collin Graf,SJS,R,10,Skater,0,18.4,1.84,11,5,879.9
8474568,,Luke Schenn,WPG,D,10,Skater,0,18.300000000000004,1.83,24,12,790.0
8480947,,Kevin Lankinen,VAN,G,5,Goalie,0,18.25,3.65,0,0,0
8478831,,Kevin Stenlund,UTA,C,11,Skater,0,18.2,1.655,8,13,949.45
8476292,,Ondrej Palat,NJD,L,11,Skater,0,18.1,1.645,18,11,754.9
8482087,,Kaiden Guhle,MTL,D,5,Skater,0,18.05,3.61,16,5,1154.4
8476981,,Josh Anderson,MTL,R,11,Skater,0,18.0,1.636,12,6,907.9
8479324,,Ryan Lindgren,SEA,D,10,Skater,0,17.950000000000003,1.795,6,18,1113.0
8482095,,Tyler Kleven,OTT,D,10,Skater,0,17.95,1.795,16,20,936.5
8480849,,Barrett Hayton,UTA,C,9,Skater,0,17.9,1.989,1,3,963.0
8482929,,Emil Lilleberg,TBL,D,11,Skater,0,17.8,1.618,16,8,861.27
8475208,,Brian Dumoulin,LAK,D,12,Skater,0,17.75,1.479,11,18,1203.5
8478009,,Ilya Sorokin,NYI,G,7,Goalie,0,17.75,2.536,0,0,0
8473507,,Jeff Petry,FLA,D,11,Skater,0,17.65,1.605,8,11,887.36
8478463,,Anthony Beauvillier,WSH,L,10,Skater,0,17.65,1.765,14,1,827.0
8475906,,John Klingberg,SJS,D,5,Skater,0,17.55,3.51,8,8,1259.8
8480829,,Jesperi Kotkaniemi,CAR,C,8,Skater,0,17.55,2.194,10,7,611.87
8481711,,Matias Maccelli,TOR,L,11,Skater,0,17.5,1.591,1,4,824.72
8482655,,J.J. Moser,TBL,D,9,Skater,0,17.5,1.944,10,8,1266.88
8479353,,Brett Howden,VGK,C,7,Skater,0,17.35,2.479,16,1,793.14
8478443,,Brandon Carlo,TOR,D,11,Skater,0,17.3,1.573,6,14,1182.54
8479496,,David Rittich,NYI,G,3,Goalie,0,17.25,5.75,0,0,0
8481607,,Albert Johansson,DET,D,11,Skater,0,17.2,1.564,10,13,913.0
8476463,,Jonas Brodin,MIN,D,11,Skater,0,17.05,1.55,1,20,1264.0
8479414,,Nathan Bastian,DAL,R,11,Skater,0,17.05,1.55,23,3,426.72
8475714,,Calle Jarnkrok,TOR,C,8,Skater,0,16.900000000000002,2.113,3,2,675.25
8477478,,William Carrier,CAR,L,7,Skater,0,16.9,2.414,14,1,619.42
8478911,,Matt Roy,WSH,D,10,Skater,0,16.85,1.685,13,20,1150.5
8477480,,Eric Comrie,WPG,G,2,Goalie,0,16.75,8.375,0,0,0
8477450,,Jason Dickinson,CHI,C,8,Skater,0,16.700000000000003,2.088,6,6,863.37
8482074,,Connor Zary,CGY,C,11,Skater,0,16.6,1.509,7,3,782.45
8477425,,Miles Wood,CBJ,L,5,Skater,0,16.55,3.31,6,0,610.4
8482088,,Justin Sourdif,WSH,R,10,Skater,0,16.5,1.65,19,4,694.4
8480873,,Rasmus Sandin,WSH,D,7,Skater,0,16.4,2.343,16,10,1163.85
8481491,,Noah Philp,EDM,C,6,Skater,0,16.4,2.733,9,1,680.66
8484149,,Gavin Brindley,COL,C,12,Skater,0,16.3,1.358,12,4,521.16
8479370,,Tyson Jost,NSH,C,10,Skater,0,16.150000000000002,1.615,14,5,741.7
8483512,,Matt Savoie,EDM,C,12,Skater,0,16.15,1.346,3,8,790.16
8477810,,Joel Hanley,CGY,D,12,Skater,0,16.1,1.342,9,18,940.58
8482176,,Wyatt Kaiser,CHI,D,11,Skater,0,16.05,1.459,12,6,1177.0
8478178,,Darren Raddysh,TBL,D,7,Skater,0,16.0,2.286,5,4,889.85
8479576,,Vincent Desharnais,SJS,D,7,Skater,0,16.0,2.286,10,12,992.42
8476412,,Jordan Binnington,STL,G,9,Goalie,0,16.0,1.778,0,0,0
8476897,,Oskar Sundqvist,STL,C,5,Skater,0,15.900000000000002,3.18,7,2,844.2
8478399,,Jonas Siegenthaler,NJD,D,11,Skater,0,15.900000000000002,1.445,8,19,1168.81
8483455,,Isaac Howard,EDM,L,11,Skater,0,15.9,1.445,1,1,591.09
8476278,,Colin Blackwell,DAL,C,11,Skater,0,15.850000000000001,1.441,21,5,713.27
8480950,,Ilya Lyubushkin,DAL,D,9,Skater,0,15.850000000000001,1.761,11,14,952.0
8480801,,Brady Tkachuk,OTT,L,3,Skater,0,15.8,5.267,10,0,997.0
8479316,,Luke Kunin,FLA,C,10,Skater,0,15.75,1.575,16,12,628.5
8477938,,Haydn Fleury,WPG,D,10,Skater,0,15.700000000000003,1.57,17,14,942.2
8476994,,Vincent Hinostroza,MIN,C,12,Skater,0,15.7,1.308,13,3,679.08
8483678,,Elias Pettersson,VAN,D,12,Skater,0,15.600000000000001,1.3,13,15,852.33
8481035,,Samuel Ersson,PHI,G,4,Goalie,0,15.5,3.875,0,0,0
8477369,,Carson Soucy,NYR,D,8,Skater,0,15.450000000000001,1.931,11,6,913.12
8484158,,Easton Cowan,TOR,R,8,Skater,0,15.45,1.931,10,3,765.62
8478038,,Devon Toews,COL,D,12,Skater,0,15.400000000000002,1.283,2,13,1404.0
8473986,,Alex Killorn,ANA,L,9,Skater,0,15.4,1.711,7,4,976.11
8476624,,Barclay Goodrow,SJS,C,11,Skater,0,15.4,1.4,16,10,680.81
8482964,,Arber Xhekaj,MTL,D,10,Skater,0,14.85,1.485,13,6,637.2
8485402,,Michael Misa,SJS,C,6,Skater,0,14.8,2.467,2,4,719.83
8482803,,Olen Zellweger,ANA,D,9,Skater,0,14.75,1.639,4,8,1149.66
8478499,,Adin Hill,VGK,G,5,Goalie,0,14.75,2.95,0,0,0
8478859,,Niko Mikkola,FLA,D,11,Skater,0,14.600000000000001,1.327,7,17,1123.72
8479996,,Cody Glass,NJD,C,6,Skater,0,14.45,2.408,3,2,753.5
8478454,,Noah Juulsen,PHI,D,10,Skater,0,14.399999999999999,1.44,18,8,801.8
8477970,,Vitek Vanecek,UTA,G,3,Goalie,0,14.25,4.75,0,0,0
8481014,,Alexander Romanov,NYI,D,5,Skater,0,14.200000000000003,2.84,17,14,1109.6
8481532,,Alex Turcotte,LAK,C,12,Skater,0,14.200000000000001,1.183,3,4,551.0
8482482,,Adam Wilsby,NSH,D,11,Skater,0,14.15,1.286,4,7,1068.36
8483490,,Pavel Mintyukov,ANA,D,9,Skater,0,14.100000000000001,1.567,8,10,902.11
8476878,,Zemgus Girgensons,TBL,C,4,Skater,0,14.05,3.513,10,1,836.25
8477953,,Kasperi Kapanen,EDM,R,6,Skater,0,14.0,2.333,16,4,737.16
8485702,,Max Shabanov,NYI,R,6,Skater,0,14.0,2.333,5,0,703.0
8481481,,Blake Lizotte,PIT,C,12,Skater,0,13.950000000000001,1.163,11,7,855.16
8476917,,Adam Pelech,NYI,D,10,Skater,0,13.9,1.39,4,15,1134.3
8476967,,Brett Kulak,EDM,D,12,Skater,0,13.850000000000001,1.154,2,11,1123.58
8478452,,Caleb Jones,PIT,D,7,Skater,0,13.75,1.964,10,15,1030.28
8476891,,Matthew Grzelcyk,CHI,D,11,Skater,0,13.700000000000001,1.245,3,9,910.81
8477998,,Warren Foegele,LAK,L,10,Skater,0,13.65,1.365,12,1,802.3
8475191,,Reilly Smith,VGK,R,11,Skater,0,13.5,1.227,9,1,800.81
8477070,,Liam O'Brien,UTA,C,6,Skater,0,13.5,2.25,10,4,566.5
8484839,,Harrison Brunicke,PIT,D,7,Skater,0,13.350000000000001,1.907,3,13,969.85
8480068,,Ryan Poehling,ANA,C,9,Skater,0,13.3,1.478,3,3,642.66
8483395,,Arshdeep Bains,VAN,L,12,Skater,0,13.250000000000002,1.104,11,2,594.66
8480878,,Nils Lundkvist,DAL,D,4,Skater,0,13.100000000000001,3.275,3,5,959.75
8482148,,Hendrix Lapierre,WSH,C,9,Skater,0,13.100000000000001,1.456,11,2,632.11
8484386,,Dmitri Simashev,UTA,D,11,Skater,0,12.95,1.177,2,13,932.45
8481024,,Linus Karlsson,VAN,C,9,Skater,0,12.750000000000002,1.417,12,2,594.55
8480426,,Charle-Edouard D'Astous,TBL,D,4,Skater,0,12.75,3.188,5,4,879.25
8481525,,Matthew Robertson,NYR,D,7,Skater,0,12.700000000000001,1.814,9,7,1028.71
8474037,,James van Riemsdyk,DET,L,8,Skater,0,12.600000000000001,1.575,0,7,688.37
8483447,,Conor Geekie,TBL,C,6,Skater,0,12.55,2.092,15,5,601.5
8476925,,Colton Sissons,VGK,C,9,Skater,0,12.5,1.389,11,5,665.77
8484800,,Berkly Catton,SEA,C,5,Skater,0,12.25,2.45,1,4,832.8
8481719,,Max Crozier,TBL,D,4,Skater,0,12.100000000000001,3.025,6,2,786.75
8479292,,Charlie Lindgren,WSH,G,3,Goalie,0,12.0,4.0,0,0,0
8484241,,Matthew Wood,NSH,R,5,Skater,0,11.65,2.33,5,1,759.8
8481593,,Jayden Struble,MTL,D,7,Skater,0,11.6,1.657,9,4,902.28
8480887,,Jordan Harris,BOS,D,5,Skater,0,11.55,2.31,4,3,937.8
8482445,,Devin Cooley,CGY,G,3,Goalie,0,11.5,3.833,0,0,0
8482470,,Ilya Solovyov,COL,D,8,Skater,0,11.450000000000001,1.431,10,12,711.75
8484958,,Maxim Tsyplakov,NYI,R,8,Skater,0,11.45,1.431,13,0,563.25
8481725,,Elmer Soderblom,DET,L,6,Skater,0,11.400000000000002,1.9,13,2,612.0
8482177,,Marat Khusnutdinov,BOS,C,8,Skater,0,11.400000000000002,1.425,2,2,689.5
8482947,,Zakhar Bardakov,COL,C,7,Skater,0,11.350000000000001,1.621,7,2,364.42
8482661,,Jesper Wallstedt,MIN,G,3,Goalie,0,11.25,3.75,0,0,0
8482821,,Arvid Soderblom,CHI,G,3,Goalie,0,11.25,3.75,0,0,0
8482070,,Mitchell Chaffee,TBL,R,7,Skater,0,11.200000000000001,1.6,19,2,569.42
8481133,,Cole Reinhardt,VGK,L,5,Skater,0,11.15,2.23,11,0,606.6
8483450,,Ryan Greene,CHI,C,11,Skater,0,11.100000000000001,1.009,5,3,757.18
8484321,,Nikolas Matinpalo,OTT,D,7,Skater,0,10.950000000000001,1.564,10,7,880.42
8483525,,Danila Yurov,MIN,R,10,Skater,0,10.95,1.095,8,5,582.4
8477365,,Connor Clifton,PIT,D,3,Skater,0,10.9,3.633,16,9,1053.66
8475181,,Nick Leddy,SJS,D,7,Skater,0,10.85,1.55,2,10,1031.85
8482751,,Ryan Winterton,SEA,C,10,Skater,0,10.75,1.075,10,3,766.8
8475717,,Calvin Pickard,EDM,G,4,Goalie,0,10.75,2.688,0,0,0
8475168,,Matt Duchene,DAL,C,4,Skater,0,10.65,2.663,2,4,866.75
8476856,,Mathew Dumba,PIT,D,5,Skater,0,10.65,2.13,9,4,901.6
8479402,,Jake Bean,CGY,D,9,Skater,0,10.65,1.183,3,17,1007.77
8480806,,Isac Lundestrom,CBJ,C,10,Skater,0,10.65,1.065,4,6,710.7
8484829,,Justin Hryckowian,DAL,C,10,Skater,0,10.5,1.05,16,2,556.8
8476438,,Brandon Saad,VGK,L,11,Skater,0,10.15,0.923,2,8,791.63
8481237,,Kyle MacLean,NYI,C,6,Skater,0,10.100000000000001,1.683,11,1,575.5
8475752,,Tyler Pitlick,MIN,C,6,Skater,0,10.05,1.675,18,3,501.0
8476474,,Stefan Noesen,NJD,R,5,Skater,0,9.750000000000002,1.95,7,2,550.0
8483733,,Nikita Grebenkin,PHI,R,6,Skater,0,9.750000000000002,1.625,7,1,532.5
8478104,,Samuel Blais,TOR,L,1,Skater,0,9.65,9.65,5,1,655.0
8482076,,Nico Daws,NJD,G,1,Goalie,0,9.5,9.5,0,0,0
8484768,,Zayne Parekh,CGY,D,9,Skater,0,9.45,1.05,4,4,953.33
8477993,,Justin Kirkland,CGY,C,8,Skater,0,9.350000000000001,1.169,12,2,559.12
8480001,,Urho Vaakanainen,NYR,D,9,Skater,0,9.3,1.033,3,6,908.55
8476854,,Hampus Lindholm,BOS,D,5,Skater,0,9.2,1.84,1,8,1019.6
8479980,,Nicolas Hague,NSH,D,4,Skater,0,9.0,2.25,9,4,1208.5
8482118,,Sam Colangelo,ANA,R,6,Skater,0,8.9,1.483,9,1,630.5
8477845,,Trevor van Riemsdyk,WSH,D,8,Skater,0,8.850000000000001,1.106,1,6,858.87
8484304,,Uvis Balinskis,FLA,D,9,Skater,0,8.850000000000001,0.983,10,8,806.33
8482623,,Josh Dunne,BUF,C,5,Skater,0,8.85,1.77,6,1,564.0
8483570,,Ben Meyers,SEA,C,4,Skater,0,8.85,2.212,8,1,537.5
8482768,,Fedor Svechkov,NSH,C,10,Skater,0,8.75,0.875,6,3,779.2
8482733,,Logan Mailloux,STL,D,8,Skater,0,8.600000000000001,1.075,12,5,743.5
8480879,,Jacob Bernard-Docker,DET,D,8,Skater,0,8.6,1.075,4,4,757.5
8483531,,Brian Halonen,NJD,L,7,Skater,0,8.55,1.221,17,0,461.85
8475852,,Petr Mrazek,ANA,G,2,Goalie,0,8.5,4.25,0,0,0
8474612,,Travis Hamonic,DET,D,4,Skater,0,8.45,2.112,2,6,827.25
8479705,,Jeffrey Viel,BOS,L,3,Skater,0,8.4,2.8,14,1,733.33
8480051,,Cayden Primeau,TOR,G,3,Goalie,0,8.25,2.75,0,0,0
8481551,,Colten Ellis,BUF,G,1,Goalie,0,8.25,8.25,0,0,0
8481556,,John Beecher,BOS,C,3,Skater,0,8.05,2.683,4,3,751.0
8475690,,Chris Tanev,TOR,D,7,Skater,0,8.0,1.143,2,8,1061.71
8481529,,Trent Miner,COL,G,2,Goalie,0,8.0,4.0,0,0,0
8482137,,Yaroslav Askarov,SJS,G,6,Goalie,0,8.0,1.333,0,0,0
8480813,,Joseph Veleno,MTL,C,6,Skater,0,7.9,1.317,12,2,663.16
8482166,,Shakir Mukhamadullin,SJS,D,2,Skater,0,7.9,3.95,1,3,874.5
8480074,,Alexandre Texier,STL,L,7,Skater,0,7.8500000000000005,1.121,8,1,597.14
8484860,,Matvei Gridin,CGY,R,4,Skater,0,7.8500000000000005,1.963,1,3,883.0
8478470,,Sam Montembeault,MTL,G,5,Goalie,0,7.75,1.55,0,0,0
8480876,,Curtis Douglas,TBL,C,8,Skater,0,7.65,0.956,8,2,322.37
8484806,,Sam Dickinson,SJS,D,9,Skater,0,7.6000000000000005,0.844,5,6,845.0
8483476,,Jonathan Lekkerimäki,VAN,R,4,Skater,0,7.55,1.887,5,2,594.0
8480245,,Olle Lycksell,OTT,R,5,Skater,0,7.5,1.5,2,3,626.0
8479026,,Philippe Myers,TOR,D,4,Skater,0,7.45,1.863,4,8,963.0
8479985,,Cale Fleury,SEA,D,4,Skater,0,7.45,1.863,6,2,883.5
8483752,,Dominic James,TBL,C,5,Skater,0,7.45,1.49,8,3,740.4
8474567,,Zach Bogosian,MIN,D,5,Skater,0,7.25,1.45,6,9,832.6
8481167,,Brayden Pachal,CGY,D,5,Skater,0,7.15,1.43,13,1,774.4
8476874,,Olli Määttä,UTA,D,11,Skater,0,7.0,0.636,0,10,682.63
8476927,,Teddy Blueger,VAN,C,2,Skater,0,6.9,3.45,3,3,949.5
8479022,,Rodrigo Abols,PHI,C,6,Skater,0,6.9,1.15,8,3,512.16
8484135,,Parker Ford,WPG,C,4,Skater,0,6.75,1.688,10,4,613.75
8484203,,Bradly Nadeau,CAR,L,3,Skater,0,6.75,2.25,3,2,640.66
8474593,,Jacob Markstrom,NJD,G,4,Goalie,0,6.75,1.688,0,0,0
8477508,,Curtis Lazar,EDM,C,2,Skater,0,6.6499999999999995,3.325,4,2,704.0
8483573,,Ethen Frank,WSH,C,3,Skater,0,6.6499999999999995,2.217,2,2,678.33
8480434,,Sean Durzi,UTA,D,2,Skater,0,6.6,3.3,3,4,1135.5
8481178,,Egor Zamula,PHI,D,6,Skater,0,6.6,1.1,0,8,821.33
8482761,,Carl Lindbom,VGK,G,2,Goalie,0,6.5,3.25,0,0,0
8479400,,Pierre-Luc Dubois,WSH,L,5,Skater,0,6.250000000000001,1.25,6,3,1046.0
8481569,,Marshall Warren,NYI,D,2,Skater,0,6.2,3.1,2,0,728.0
8483768,,Victor Mancini,VAN,D,5,Skater,0,6.15,1.23,6,5,631.6
8482787,,Nikita Chibrikov,WPG,R,5,Skater,0,6.1000000000000005,1.22,7,3,581.8
8477919,,Freddy Gaudreau,SEA,C,4,Skater,0,6.05,1.512,2,5,772.0
8475235,,Nicolas Deslauriers,PHI,L,4,Skater,0,5.9,1.475,11,0,443.0
8482125,,Alexander Holtz,VGK,R,6,Skater,0,5.8,0.967,2,3,716.66
8481577,,Philip Tomasino,PIT,R,4,Skater,0,5.65,1.413,5,6,727.0
8484428,,Charles Alexis Legault,CAR,D,4,Skater,0,5.5,1.375,4,4,769.75
8479193,,Casey DeSmith,DAL,G,2,Goalie,0,5.5,2.75,0,0,0
8480193,,Daniil Tarasov,FLA,G,3,Goalie,0,5.5,1.833,0,0,0
8481655,,Cole Schwindt,FLA,R,2,Skater,0,5.45,2.725,1,2,479.0
8480281,,Alexey Toropchenko,STL,R,4,Skater,0,5.25,1.313,8,2,588.5
8480990,,Declan Chisholm,WSH,D,4,Skater,0,5.25,1.313,2,3,884.25
8479339,,Patrik Laine,MTL,L,5,Skater,0,5.2,1.04,2,0,756.4
8480058,,Pierre-Olivier Joseph,VAN,D,6,Skater,0,5.2,0.867,3,4,742.0
8480196,,Jacob Bryson,BUF,D,5,Skater,0,5.15,1.03,1,4,567.6
8482861,,Vincent Iorio,SJS,D,6,Skater,0,5.15,0.858,3,6,980.0
8481641,,Joel Kiviranta,COL,L,5,Skater,0,5.1499999999999995,1.03,9,2,646.6
8482172,,Landon Slaggert,CHI,L,4,Skater,0,5.1499999999999995,1.287,8,2,609.25
8477380,,Jonny Brodzinski,NYR,C,4,Skater,0,4.9,1.225,0,1,535.0
8480259,,Ben Jones,MIN,C,3,Skater,0,4.8999999999999995,1.633,9,2,484.33
8477419,,Mason Geertsen,BUF,L,4,Skater,0,4.800000000000001,1.2,6,0,251.75
8477073,,Kurtis MacDermid,OTT,L,5,Skater,0,4.700000000000001,0.94,3,4,289.8
8477401,,John Hayden,SEA,C,3,Skater,0,4.5,1.5,7,2,604.66
8481560,,Arthur Kaliyev,OTT,R,2,Skater,0,4.5,2.25,0,0,636.5
8482072,,Jack Ahcan,COL,D,2,Skater,0,4.5,2.25,3,2,758.5
8482726,,Samuel Helenius,LAK,C,2,Skater,0,4.5,2.25,9,1,550.0
8475831,,Philipp Grubauer,SEA,G,2,Goalie,0,4.5,2.25,0,0,0
8475790,,Erik Gudbranson,CBJ,D,4,Skater,0,4.3500000000000005,1.088,5,1,890.5
8479442,,Troy Stecher,EDM,D,6,Skater,0,4.3500000000000005,0.725,2,3,817.33
8476389,,Vincent Trocheck,NYR,C,2,Skater,0,4.35,2.175,1,3,850.0
8481161,,Jake Christiansen,CBJ,D,6,Skater,0,4.300000000000001,0.717,4,3,637.33
8480840,,Oskar Bäck,DAL,C,1,Skater,0,4.25,4.25,0,0,508.0
8479977,,Kailer Yamamoto,UTA,R,5,Skater,0,4.2,0.84,2,0,714.6
8483499,,Liam Ohgren,MIN,L,5,Skater,0,4.2,0.84,6,2,550.4
8482911,,Joel Nystrom,CAR,D,4,Skater,0,4.15,1.038,2,3,1015.25
8480828,,Michael Callahan,BOS,D,3,Skater,0,4.1000000000000005,1.367,3,6,987.0
8480874,,Adam Ginning,PHI,D,5,Skater,0,4.1,0.82,4,5,920.4
8483460,,David Jiricek,MIN,D,8,Skater,0,3.9,0.487,1,3,771.5
8485405,,Brady Martin,NSH,C,3,Skater,0,3.8,1.267,0,2,685.0
8482447,,Leevi Meriläinen,OTT,G,2,Goalie,0,3.75,1.875,0,0,0
8476425,,Joseph LaBate,VAN,C,1,Skater,0,3.7,3.7,6,2,572.0
8479941,,Justin Danforth,BUF,R,4,Skater,0,3.7,0.925,3,4,702.25
8482807,,Ethan Del Mastro,CHI,D,1,Skater,0,3.45,3.45,6,2,1055.0
8476873,,Mark Jankowski,CAR,L,5,Skater,0,3.15,0.63,1,4,605.0
8482090,,Jack Finley,TBL,C,3,Skater,0,3.15,1.05,5,0,483.33
8483500,,Noah Ostlund,BUF,C,4,Skater,0,3.1,0.775,1,3,650.25
8475762,,Derek Forbort,VAN,D,2,Skater,0,3.0500000000000003,1.525,2,4,836.0
8483553,,Marc Gatcomb,NYI,C,1,Skater,0,3.0500000000000003,3.05,7,0,513.0
8480891,,Michael Kesselring,BUF,D,2,Skater,0,3.0,1.5,2,2,984.0
8483565,,Nick Blankenburg,NSH,D,2,Skater,0,3.0,1.5,3,2,988.0
8476899,,Matt Murray,SEA,G,1,Goalie,0,3.0,3.0,0,0,0
8479398,,Samuel Girard,COL,D,2,Skater,0,2.9000000000000004,1.45,3,3,1128.0
8481219,,Jonathan Aspirot,BOS,D,2,Skater,0,2.8000000000000003,1.4,3,4,862.5
8478043,,Sam Lafferty,CHI,C,3,Skater,0,2.8,0.933,5,0,467.0
8484779,,Jett Luchanko,PHI,C,4,Skater,0,2.6500000000000004,0.663,2,3,538.0
8477947,,Sonny Milano,WSH,L,4,Skater,0,2.55,0.637,2,0,667.5
8477996,,Juho Lammikko,NJD,C,2,Skater,0,2.5,1.25,5,0,718.0
8481564,,Ryan Johnson,BUF,D,3,Skater,0,2.4000000000000004,0.8,2,3,540.0
8478413,,Jordan Greenway,BUF,L,1,Skater,0,2.35,2.35,3,0,922.0
8482758,,Ville Koivunen,PIT,R,5,Skater,0,2.35,0.47,1,3,745.2
8480871,,Adam Boqvist,NYI,D,4,Skater,0,2.25,0.563,1,4,783.0
8483465,,Joakim Kemell,NSH,R,2,Skater,0,2.25,1.125,4,1,664.0
8481562,,Domenick Fensore,CAR,D,1,Skater,0,2.1,2.1,1,3,1162.0
8475461,,Andrew Agozzino,UTA,L,2,Skater,0,2.0,1.0,4,1,368.0
8482178,,Ian Moore,ANA,D,3,Skater,0,1.9499999999999997,0.65,1,1,727.0
8484305,,Zach Metsa,BUF,D,4,Skater,0,1.85,0.463,1,2,529.25
8480045,,Ukko-Pekka Luukkonen,BUF,G,1,Goalie,0,1.75,1.75,0,0,0
8476958,,Jaccob Slavin,CAR,D,2,Skater,0,1.7000000000000002,0.85,0,3,1112.0
8482131,,Donovan Sebrango,OTT,D,2,Skater,0,1.65,0.825,1,0,913.5
8478424,,Jansen Harkins,ANA,C,1,Skater,0,1.6,1.6,3,1,395.0
8482749,,Joshua Roy,MTL,R,1,Skater,0,1.6,1.6,4,0,478.0
8485385,,Braeden Cootes,VAN,C,3,Skater,0,1.6,0.533,3,1,646.66
8478396,,Noah Hanifin,VGK,D,1,Skater,0,1.55,1.55,2,0,1440.0
8480831,,Alec Regula,EDM,D,2,Skater,0,1.55,0.775,0,2,953.5
8484240,,Tom Willander,VAN,D,2,Skater,0,1.5499999999999998,0.775,1,1,954.5
8476525,,Colin Miller,WPG,D,2,Skater,0,1.4500000000000002,0.725,1,1,576.5
8482496,,Nils Aman,VAN,C,2,Skater,0,1.4500000000000002,0.725,2,1,519.5
8480064,,Josh Norris,BUF,C,1,Skater,0,1.4,1.4,1,0,1131.0
8483429,,Seamus Casey,NJD,D,2,Skater,0,1.4,0.7,0,1,1080.5
8474149,,Evgenii Dadonov,NJD,L,1,Skater,0,1.3,1.3,0,2,572.0
8478476,,Kyle Capobianco,DAL,D,2,Skater,0,1.3,0.65,1,0,369.0
8479772,,Zack MacEwen,NJD,R,1,Skater,0,1.3,1.3,1,1,432.0
8475795,,Dylan McIlrath,WSH,D,1,Skater,0,1.2000000000000002,1.2,3,0,845.0
8476907,,Mackenzie MacEachern,VAN,L,1,Skater,0,1.2000000000000002,1.2,2,1,738.0
8483503,,Owen Pickering,PIT,D,2,Skater,0,1.2000000000000002,0.6,1,2,797.5
8479393,,Noah Gregor,FLA,L,1,Skater,0,1.15,1.15,1,0,455.0
8482516,,Matthew Kessel,STL,D,3,Skater,0,1.05,0.35,0,1,533.0
8482747,,Brennan Othmann,NYR,L,1,Skater,0,1.05,1.05,2,0,751.0
8483471,,Brad Lambert,WPG,C,2,Skater,0,0.9,0.45,0,1,538.5
8484164,,Dalibor Dvorsky,STL,R,1,Skater,0,0.9,0.9,0,1,996.0
8482624,,Daniil Miromanov,CGY,D,1,Skater,0,0.8,0.8,0,2,1069.0
8483452,,Hunter Haight,MIN,C,2,Skater,0,0.8,0.4,2,0,562.0
8475179,,Dmitry Kulikov,FLA,D,2,Skater,0,0.65,0.325,1,0,646.5
8482126,,Emil Andrae,PHI,D,2,Skater,0,0.65,0.325,1,0,764.0
8483424,,Owen Beck,MTL,C,2,Skater,0,0.65,0.325,0,1,501.5
8481020,,Justus Annunen,NSH,G,2,Goalie,0,0.5,0.25,0,0,0
8480825,,Patrick Giles,SJS,R,1,Skater,0,0.4,0.4,0,1,610.0
8477541,,Dakota Mermis,TOR,D,1,Skater,0,0.25,0.25,0,0,792.0
8479421,,Jacob Moverare,LAK,D,1,Skater,0,0.0,0.0,0,0,193.0
8480981,,Joel Hofer,STL,G,4,Goalie,0,-0.75,-0.188,0,0,0
