nhl_id,name,pos,team
8479994,Jaret Anderson-Dolan,C,WPG
8480289,Morgan Barron,C,WPG
8482787,Nikita Chibrikov,R,WPG
8478398,Kyle Connor,L,WPG
8482652,Walker Duehr,R,WPG
8481239,Samuel Fagemo,L,WPG
8484135,Parker Ford,C,WPG
8481019,David Gustafsson,C,WPG
8480113,Alex Iafallo,L,WPG
8481043,Cole Koepke,L,WPG
8483471,Brad Lambert,C,WPG
8476480,Vladislav Namestnikov,C,WPG
8475799,Nino Niederreiter,R,WPG
8474679,Gustav Nyquist,R,WPG
8476871,Tanner Pearson,L,WPG
8482149,Cole Perfetti,C,WPG
8476460,Mark Scheifele,C,WPG
8473604,Jonathan Toews,C,WPG
8480014,Gabriel Vilardi,C,WPG
8479348,Kale Clague,D,WPG
8476331,Dylan DeMelo,D,WPG
8477938,Haydn Fleury,D,WPG
8481572,Ville Heinola,D,WPG
8476525,Colin Miller,D,WPG
8477504,Josh Morrissey,D,WPG
8480145,Neal Pionk,D,WPG
8480049,Dylan Samberg,D,WPG
8474568,Luke Schenn,D,WPG
8479378,Logan Stanley,D,WPG
8477480,Eric Comrie,G,WPG
8483711,Domenic DiVincentiis,G,WPG
8476945,Connor Hellebuyck,G,WPG
8478463,Anthony Beauvillier,L,WSH
8475343,Nic Dowd,C,WSH
8479400,Pierre-Luc Dubois,L,WSH
8479520,Brandon Duhaime,R,WSH
8483573,Ethen Frank,C,WSH
8484186,Ryan Leonard,R,WSH
8481580,Connor McMichael,C,WSH
8477947,Sonny Milano,L,WSH
8471214,Alex Ovechkin,L,WSH
8481656,Aliaksei Protas,C,WSH
8482088,Justin Sourdif,R,WSH
8478440,Dylan Strome,C,WSH
8476880,Tom Wilson,R,WSH
8474590,John Carlson,D,WSH
8480990,Declan Chisholm,D,WSH
8479345,Jakob Chychrun,D,WSH
8480796,Martin Fehérváry,D,WSH
8475795,Dylan McIlrath,D,WSH
8478911,Matt Roy,D,WSH
8480873,Rasmus Sandin,D,WSH
8477845,Trevor van Riemsdyk,D,WSH
8479292,Charlie Lindgren,G,WSH
8480313,Logan Thompson,G,WSH
8477964,Ivan Barbashev,L,VGK
8484803,Trevor Connelly,L,VGK
8482933,Jakub Demek,C,VGK
8481604,Pavel Dorofeyev,R,VGK
8478403,Jack Eichel,C,VGK
8483451,Jordan Gustafson,C,VGK
8476881,Tomas Hertl,C,VGK
8479353,Brett Howden,C,VGK
8476448,William Karlsson,C,VGK
8478434,Keegan Kolesar,R,VGK
8479550,Tanner Laczynski,C,VGK
8481534,Raphael Lavoie,C,VGK
8478483,Mitch Marner,R,VGK
8481133,Cole Reinhardt,L,VGK
8480007,Jonas Rondbjerg,R,VGK
8476438,Brandon Saad,L,VGK
8481655,Cole Schwindt,R,VGK
8476925,Colton Sissons,C,VGK
8475191,Reilly Smith,R,VGK
8475913,Mark Stone,R,VGK
8479639,Dylan Coghlan,D,VGK
8478396,Noah Hanifin,D,VGK
8477018,Ben Hutton,D,VGK
8481527,Kaedan Korczak,D,VGK
8478468,Jeremy Lauzon,D,VGK
8475188,Brayden McNabb,D,VGK
8477034,Jaycob Megna,D,VGK
8477447,Shea Theodore,D,VGK
8480727,Zach Whitecloud,D,VGK
8478499,Adin Hill,G,VGK
8481033,Akira Schmid,G,VGK
8484158,Easton Cowan,R,TOR
8477503,Max Domi,C,TOR
8475714,Calle Jarnkrok,C,TOR
8478057,Dakota Joshua,C,TOR
8480144,David Kampf,C,TOR
8482720,Matthew Knies,L,TOR
8476872,Scott Laughton,C,TOR
8478904,Steven Lorentz,C,TOR
8481711,Matias Maccelli,L,TOR
8479318,Auston Matthews,C,TOR
8482259,Bobby McMann,C,TOR
8477939,William Nylander,R,TOR
8479543,Michael Pezzetta,L,TOR
8481582,Nicholas Robertson,L,TOR
8478462,Nicolas Roy,C,TOR
8475166,John Tavares,C,TOR
8476988,Matt Benning,D,TOR
8481122,Simon Benoit,D,TOR
8478443,Brandon Carlo,D,TOR
8484805,Ben Danford,D,TOR
8475171,Oliver Ekman-Larsson,D,TOR
8476931,Jake McCabe,D,TOR
8477541,Dakota Mermis,D,TOR
8479026,Philippe Myers,D,TOR
8476853,Morgan Rielly,D,TOR
8483546,Marshall Rifai,D,TOR
8475690,Chris Tanev,D,TOR
8481567,Henry Thrun,D,TOR
8482174,William Villeneuve,D,TOR
8483710,Dennis Hildeby,G,TOR
8476932,Anthony Stolarz,G,TOR
8479361,Joseph Woll,G,TOR
8479414,Nathan Bastian,R,DAL
8473994,Jamie Benn,L,DAL
8476278,Colin Blackwell,C,DAL
8482145,Mavrik Bourque,C,DAL
8480840,Oskar Bäck,C,DAL
8475168,Matt Duchene,C,DAL
8476889,Radek Faksa,C,DAL
8478449,Roope Hintz,C,DAL
8484829,Justin Hryckowian,C,DAL
8478888,Cameron Hughes,C,DAL
8484938,Arttu Hyry,R,DAL
8482740,Wyatt Johnston,C,DAL
8483799,Kyle McDonald,R,DAL
8478420,Mikko Rantanen,R,DAL
8480027,Jason Robertson,L,DAL
8475794,Tyler Seguin,C,DAL
8479351,Sam Steel,C,DAL
8484124,Chase Wheatcroft,C,DAL
8483425,Lian Bichsel,D,DAL
8481581,Thomas Harley,D,DAL
8480036,Miro Heiskanen,D,DAL
8481609,Vladislav Kolyachonok,D,DAL
8484822,Luke Krys,D,DAL
8476902,Esa Lindell,D,DAL
8480878,Nils Lundkvist,D,DAL
8480950,Ilya Lyubushkin,D,DAL
8475755,Alexander Petrovic,D,DAL
8479193,Casey DeSmith,G,DAL
8479979,Jake Oettinger,G,DAL
8476469,Joel Armia,R,LAK
8482124,Quinton Byfield,R,LAK
8476479,Phillip Danault,C,LAK
8477942,Kevin Fiala,L,LAK
8477998,Warren Foegele,L,LAK
8482726,Samuel Helenius,C,LAK
8477960,Adrian Kempe,R,LAK
8471685,Anze Kopitar,C,LAK
8483808,Andrei Kuzmenko,L,LAK
8482155,Alex Laferriere,R,LAK
8482408,Jeff Malott,L,LAK
8479675,Trevor Moore,L,LAK
8480851,Akil Thomas,C,LAK
8481532,Alex Turcotte,C,LAK
8479998,Mikey Anderson,D,LAK
8477335,Kyle Burroughs,D,LAK
8476879,Cody Ceci,D,LAK
8482730,Brandt Clarke,D,LAK
8474563,Drew Doughty,D,LAK
8475208,Brian Dumoulin,D,LAK
8476441,Joel Edmundson,D,LAK
8479421,Jacob Moverare,D,LAK
8476341,Anton Forsberg,G,LAK
8475311,Darcy Kuemper,G,LAK
8481707,Erik Portillo,G,LAK
8481720,Nick Abruzzese,C,TBL
8477416,Oliver Bjorkstrand,R,TBL
8482070,Mitchell Chaffee,R,TBL
8478519,Anthony Cirelli,C,TBL
8482090,Jack Finley,C,TBL
8483447,Conor Geekie,C,TBL
8476878,Zemgus Girgensons,C,TBL
8482201,Gage Goncalves,C,TBL
8476826,Yanni Gourde,C,TBL
8477404,Jake Guentzel,C,TBL
8479542,Brandon Hagel,L,TBL
8480995,Pontus Holmberg,R,TBL
8482757,Niko Huuhtanen,R,TBL
8483752,Dominic James,C,TBL
8479383,Boris Katchouk,L,TBL
8476453,Nikita Kucherov,R,TBL
8477426,Nick Paul,L,TBL
8481592,Jakob Pelletier,L,TBL
8478010,Brayden Point,C,TBL
8483398,Declan Carlile,D,TBL
8478416,Erik Cernak,D,TBL
8481719,Max Crozier,D,TBL
8475167,Victor Hedman,D,TBL
8482929,Emil Lilleberg,D,TBL
8474151,Ryan McDonagh,D,TBL
8482655,J.J. Moser,D,TBL
8478178,Darren Raddysh,D,TBL
8477831,Pheonix Copley,G,TBL
8477990,Brandon Halverson,G,TBL
8477992,Jonas Johansson,G,TBL
8476883,Andrei Vasilevskiy,G,TBL
8482947,Zakhar Bardakov,C,COL
8484149,Gavin Brindley,C,COL
8479525,Ross Colton,C,COL
8480835,Jack Drury,C,COL
8480448,Parker Kelly,C,COL
8481641,Joel Kiviranta,L,COL
8476455,Gabriel Landeskog,L,COL
8477476,Artturi Lehkonen,L,COL
8477492,Nathan MacKinnon,C,COL
8480039,Martin Necas,C,COL
8475754,Brock Nelson,C,COL
8477501,Valeri Nichushkin,R,COL
8478109,Victor Olofsson,L,COL
8481737,Matt Stienburg,C,COL
8482072,Jack Ahcan,D,COL
8481521,Ronnie Attard,D,COL
8470613,Brent Burns,D,COL
8479398,Samuel Girard,D,COL
8480069,Cale Makar,D,COL
8484258,Sam Malinski,D,COL
8476312,Josh Manson,D,COL
8479387,Keaton Middleton,D,COL
8478038,Devon Toews,D,COL
8478406,Mackenzie Blackwood,G,COL
8481529,Trent Miner,G,COL
8475809,Scott Wedgewood,G,COL
8477934,Leon Draisaitl,C,EDM
8479365,Trent Frederic,C,EDM
8474641,Adam Henrique,C,EDM
8483455,Isaac Howard,L,EDM
8477406,Mattias Janmark,C,EDM
8479368,Max Jones,L,EDM
8477953,Kasperi Kapanen,R,EDM
8477508,Curtis Lazar,C,EDM
8478233,Andrew Mangiapane,L,EDM
8478402,Connor McDavid,C,EDM
8476454,Ryan Nugent-Hopkins,C,EDM
8481491,Noah Philp,C,EDM
8481617,Vasily Podkolzin,R,EDM
8483512,Matt Savoie,C,EDM
8485493,David Tomasek,R,EDM
8480803,Evan Bouchard,D,EDM
8479341,Cam Dineen,D,EDM
8475218,Mattias Ekholm,D,EDM
8480834,Ty Emberson,D,EDM
8476967,Brett Kulak,D,EDM
8477498,Darnell Nurse,D,EDM
8480831,Alec Regula,D,EDM
8479442,Troy Stecher,D,EDM
8479388,Riley Stillman,D,EDM
8478013,Jake Walman,D,EDM
8475717,Calvin Pickard,G,EDM
8479973,Stuart Skinner,G,EDM
8478427,Sebastian Aho,C,CAR
8482809,Jackson Blake,R,CAR
8477478,William Carrier,L,CAR
8477940,Nikolaj Ehlers,L,CAR
8475791,Taylor Hall,L,CAR
8484929,Juha Jaaska,L,CAR
8476873,Mark Jankowski,C,CAR
8482093,Seth Jarvis,C,CAR
8480829,Jesperi Kotkaniemi,C,CAR
8476921,Jordan Martinook,L,CAR
8480762,Eric Robinson,L,CAR
8473533,Jordan Staal,C,CAR
8482702,Logan Stankoven,C,CAR
8480830,Andrei Svechnikov,R,CAR
8478970,Jalen Chatfield,D,CAR
8476906,Shayne Gostisbehere,D,CAR
8484428,Charles Alexis Legault,D,CAR
8480817,K'Andre Miller,D,CAR
8482100,Alexander Nikishin,D,CAR
8476422,Mike Reilly,D,CAR
8476958,Jaccob Slavin,D,CAR
8480336,Sean Walker,D,CAR
8475883,Frederik Andersen,G,CAR
8481611,Pyotr Kochetkov,G,CAR
8480051,Cayden Primeau,G,CAR
8477493,Aleksander Barkov,C,FLA
8477935,Sam Bennett,C,FLA
8480003,Jesper Boqvist,C,FLA
8479981,Jonah Gadjovich,L,FLA
8478421,A.J. Greer,L,FLA
8479316,Luke Kunin,C,FLA
8482113,Anton Lundell,C,FLA
8480185,Eetu Luostarinen,C,FLA
8473419,Brad Marchand,C,FLA
8477931,Tomas Nosek,L,FLA
8477933,Sam Reinhart,C,FLA
8478542,Evan Rodrigues,C,FLA
8482713,Mackie Samoskevich,R,FLA
8480021,Jack Studnicka,C,FLA
8479314,Matthew Tkachuk,L,FLA
8477409,Carter Verhaeghe,C,FLA
8484304,Uvis Balinskis,D,FLA
8481600,Tobias Bjornfot,D,FLA
8477932,Aaron Ekblad,D,FLA
8478055,Gustav Forsling,D,FLA
8477495,Seth Jones,D,FLA
8475179,Dmitry Kulikov,D,FLA
8478859,Niko Mikkola,D,FLA
8473507,Jeff Petry,D,FLA
8475683,Sergei Bobrovsky,G,FLA
8483548,Brandon Bussi,G,FLA
8480193,Daniil Tarasov,G,FLA
8478020,Michael Amadio,R,OTT
8480208,Drake Batherson,R,OTT
8482674,Tyler Boucher,R,OTT
8476393,Nick Cousins,C,OTT
8481528,Dylan Cozens,C,OTT
8474189,Lars Eller,C,OTT
8473512,Claude Giroux,R,OTT
8482092,Ridly Greig,C,OTT
8483676,Stephen Halliday,C,OTT
8478173,Hayden Hodgson,R,OTT
8480890,Jan Jenik,C,OTT
8481560,Arthur Kaliyev,R,OTT
8480245,Olle Lycksell,R,OTT
8479772,Zack MacEwen,R,OTT
8474102,David Perron,L,OTT
8483673,Oskar Pettersson,R,OTT
8481596,Shane Pinto,C,OTT
8482116,Tim Stützle,C,OTT
8480801,Brady Tkachuk,L,OTT
8480188,Fabian Zetterlund,L,OTT
8478469,Thomas Chabot,D,OTT
8483435,Jorian Donovan,D,OTT
8483683,Tomas Hamara,D,OTT
8475324,Nick Jensen,D,OTT
8482095,Tyler Kleven,D,OTT
8484321,Nikolas Matinpalo,D,OTT
8482105,Jake Sanderson,D,OTT
8482131,Donovan Sebrango,D,OTT
8481606,Jordan Spence,D,OTT
8481575,Lassi Thomson,D,OTT
8484759,Carter Yakemchuk,D,OTT
8482245,Artem Zub,D,OTT
8482447,Leevi Meriläinen,G,OTT
8482411,Hunter Shepard,G,OTT
8481544,Mads Sogaard,G,OTT
8476999,Linus Ullmark,G,OTT
8481557,Matt Boldy,L,MIN
8478493,Joel Eriksson Ek,C,MIN
8475220,Marcus Foligno,L,MIN
8483452,Hunter Haight,C,MIN
8477451,Ryan Hartman,R,MIN
8476994,Vinnie Hinostroza,C,MIN
8475149,Marcus Johansson,L,MIN
8478864,Kirill Kaprizov,L,MIN
8483499,Liam Ohgren,L,MIN
8475752,Tyler Pitlick,C,MIN
8482079,Marco Rossi,C,MIN
8481477,Nico Sturm,C,MIN
8475765,Vladimir Tarasenko,R,MIN
8478508,Yakov Trenin,C,MIN
8483525,Danila Yurov,R,MIN
8474567,Zach Bogosian,D,MIN
8476463,Jonas Brodin,D,MIN
8484798,Zeev Buium,D,MIN
8482122,Brock Faber,D,MIN
8483460,David Jiricek,D,MIN
8478136,Jake Middleton,D,MIN
8474716,Jared Spurgeon,D,MIN
8479406,Filip Gustavsson,G,MIN
8477361,Cal Petersen,G,MIN
8482661,Jesper Wallstedt,G,MIN
8475760,Nick Bjugstad,C,STL
8477402,Pavel Buchnevich,L,STL
8484164,Dalibor Dvorsky,R,STL
8482077,Dylan Holloway,L,STL
8478472,Mathieu Joseph,R,STL
8483463,Aleksanteri Kaskimaki,C,STL
8479385,Jordan Kyrou,R,STL
8482089,Jake Neighbours,L,STL
8475170,Brayden Schenn,C,STL
8483516,Jimmy Snuggerud,R,STL
8484230,Otto Stenberg,C,STL
8476897,Oskar Sundqvist,C,STL
8480459,Pius Suter,C,STL
8480074,Alexandre Texier,L,STL
8480023,Robert Thomas,C,STL
8480281,Alexey Toropchenko,R,STL
8477573,Nathan Walker,L,STL
8481598,Philip Broberg,D,STL
8475753,Justin Faulk,D,STL
8475764,Cam Fowler,D,STL
8482516,Matthew Kessel,D,STL
8484188,Theo Lindstein,D,STL
8482478,Leo Loof,D,STL
8482733,Logan Mailloux,D,STL
8476892,Colton Parayko,D,STL
8481715,Hunter Skinner,D,STL
8481006,Tyler Tucker,D,STL
8476412,Jordan Binnington,G,STL
8481551,Colten Ellis,G,STL
8480981,Joel Hofer,G,STL
8474150,Mikael Backlund,C,CGY
8476399,Blake Coleman,L,CGY
8482679,Matt Coronato,R,CGY
8480797,Joel Farabee,L,CGY
8480028,Morgan Frost,C,CGY
8484860,Matvei Gridin,R,CGY
8476456,Jonathan Huberdeau,L,CGY
8475172,Nazem Kadri,C,CGY
8482209,Rory Kerins,C,CGY
8477993,Justin Kirkland,C,CGY
8483609,Adam Klapka,R,CGY
8479066,Ryan Lomberg,L,CGY
8481028,Martin Pospisil,C,CGY
8481068,Yegor Sharangovich,C,CGY
8484234,Aydar Suniev,L,CGY
8482074,Connor Zary,C,CGY
8478397,Rasmus Andersson,D,CGY
8480860,Kevin Bahl,D,CGY
8479402,Jake Bean,D,CGY
8477810,Joel Hanley,D,CGY
8482624,Daniil Miromanov,D,CGY
8481167,Brayden Pachal,D,CGY
8484768,Zayne Parekh,D,CGY
8482470,Ilya Solovyov,D,CGY
8477346,MacKenzie Weegar,D,CGY
8482445,Devin Cooley,G,CGY
8481031,Ivan Prosvetov,G,CGY
8481692,Dustin Wolf,G,CGY
8482133,Thomas Bordeleau,C,NJD
8479407,Jesper Bratt,L,NJD
8477015,Connor Brown,R,NJD
8481032,Paul Cotter,L,NJD
8481065,Angus Crookshank,C,NJD
8474149,Evgenii Dadonov,L,NJD
8479996,Cody Glass,C,NJD
8481721,Arseny Gritsyuk,R,NJD
8480836,Jonathan Gruden,L,NJD
8483531,Brian Halonen,L,NJD
8484177,Lenni Hameenaho,R,NJD
8482635,Mike Hardman,L,NJD
8480002,Nico Hischier,C,NJD
8481559,Jack Hughes,C,NJD
8482941,Shane Lachance,L,NJD
8477996,Juho Lammikko,C,NJD
8481594,Nathan Légaré,R,NJD
8477073,Kurtis MacDermid,L,NJD
8483397,Marc McLaughlin,C,NJD
8478414,Timo Meier,R,NJD
8482110,Dawson Mercer,C,NJD
8476474,Stefan Noesen,R,NJD
8476292,Ondrej Palat,L,NJD
8483841,Xavier Parent,C,NJD
8480884,Calen Addison,D,NJD
8483429,Seamus Casey,D,NJD
8479395,Dennis Cholowski,D,NJD
8475455,Brenden Dillon,D,NJD
8483085,Mikael Diotte,D,NJD
8482194,Ethan Edwards,D,NJD
8476462,Dougie Hamilton,D,NJD
8482684,Luke Hughes,D,NJD
8480192,Johnathan Kovacevic,D,NJD
8483495,Simon Nemec,D,NJD
8477488,Brett Pesce,D,NJD
8478399,Jonas Siegenthaler,D,NJD
8482873,Topias Vilen,D,NJD
8478841,Colton White,D,NJD
8474596,Jake Allen,G,NJD
8482076,Nico Daws,G,NJD
8474593,Jacob Markstrom,G,NJD
8476981,Josh Anderson,R,MTL
8483424,Owen Beck,C,MTL
8478104,Sammy Blais,L,MTL
8482737,Zack Bolduc,R,MTL
8481540,Cole Caufield,R,MTL
8481523,Kirby Dach,C,MTL
8484984,Ivan Demidov,R,MTL
8478133,Jake Evans,C,MTL
8475848,Brendan Gallagher,R,MTL
8482775,Oliver Kapanen,C,MTL
8479339,Patrik Laine,R,MTL
8481618,Alex Newhook,C,MTL
8483515,Juraj Slafkovský,L,MTL
8480018,Nick Suzuki,C,MTL
8480813,Joe Veleno,C,MTL
8484403,Florian Xhekaj,L,MTL
8478851,Alexandre Carrier,D,MTL
8480865,Noah Dobson,D,MTL
8483686,Adam Engstrom,D,MTL
8482087,Kaiden Guhle,D,MTL
8483457,Lane Hutson,D,MTL
8482927,Gannon Laroque,D,MTL
8476875,Mike Matheson,D,MTL
8484220,David Reinbacher,D,MTL
8481593,Jayden Struble,D,MTL
8482806,William Trudeau,D,MTL
8482964,Arber Xhekaj,D,MTL
8482487,Jakub Dobes,G,MTL
8478039,Kaapo Kahkonen,G,MTL
8478470,Sam Montembeault,G,MTL
8482496,Nils Aman,C,VAN
8483395,Arshdeep Bains,L,VAN
8476927,Teddy Blueger,C,VAN
8478444,Brock Boeser,R,VAN
8480078,Filip Chytil,C,VAN
8485385,Braeden Cootes,C,VAN
8478498,Jake DeBrusk,L,VAN
8478856,Conor Garland,R,VAN
8481535,Nils Hoglander,L,VAN
8475169,Evander Kane,L,VAN
8481024,Linus Karlsson,C,VAN
8480833,Vitali Kravtsov,R,VAN
8483476,Jonathan Lekkerimäki,R,VAN
8482055,Drew O'Connor,L,VAN
8480012,Elias Pettersson,C,VAN
8482691,Aatu Raty,C,VAN
8483110,Anri Ravinskis,R,VAN
8484136,Max Sasson,C,VAN
8480748,Kiefer Sherwood,L,VAN
8475762,Derek Forbort,D,VAN
8479425,Filip Hronek,D,VAN
8480800,Quinn Hughes,D,VAN
8480058,P.O Joseph,D,VAN
8483768,Victor Mancini,D,VAN
8474574,Tyler Myers,D,VAN
8483678,Elias Pettersson,D,VAN
8477969,Marcus Pettersson,D,VAN
8484240,Tom Willander,D,VAN
8477967,Thatcher Demko,G,VAN
8480947,Kevin Lankinen,G,VAN
8484268,Nikita Tolopilo,G,VAN
8475461,Andrew Agozzino,L,UTA
8484388,Daniil But,L,UTA
8479619,Michael Carcone,L,UTA
8483431,Logan Cooley,C,UTA
8478474,Lawson Crouse,L,UTA
8480876,Curtis Douglas,C,UTA
8482699,Dylan Guenther,R,UTA
8480849,Barrett Hayton,C,UTA
8479656,Cameron Hebig,C,UTA
8484795,Tij Iginla,C,UTA
8479343,Clayton Keller,R,UTA
8477021,Alexander Kerfoot,C,UTA
8480855,Jack McBain,C,UTA
8481827,Ben McCartney,L,UTA
8477070,Liam O'Brien,C,UTA
8482175,JJ Peterka,R,UTA
8477951,Nick Schmaltz,C,UTA
8485007,Gabe Smith,C,UTA
8478831,Kevin Stenlund,C,UTA
8479293,Brandon Tanev,L,UTA
8479977,Kailer Yamamoto,R,UTA
8474013,Ian Cole,D,UTA
8480084,Nick DeSimone,D,UTA
8480434,Sean Durzi,D,UTA
8484175,Terrell Goldsmith,D,UTA
8478507,John Marino,D,UTA
8476874,Olli Määttä,D,UTA
8481059,Scott Perunovich,D,UTA
8477220,Nate Schmidt,D,UTA
8479410,Mikhail Sergachev,D,UTA
8484386,Dmitri Simashev,D,UTA
8479976,Juuso Välimäki,D,UTA
8483530,Jaxson Stauber,G,UTA
8483099,Anson Thornton,G,UTA
8477970,Vitek Vanecek,G,UTA
8478872,Karel Vejmelka,G,UTA
8480191,Matt Villalta,G,UTA
8479944,Zachary Aston-Reese,C,CBJ
8482475,Yegor Chinakhov,R,CBJ
8475745,Charlie Coyle,C,CBJ
8484166,Adam Fantilli,C,CBJ
8476432,Boone Jenner,C,CBJ
8482660,Kent Johnson,C,CBJ
8480806,Isac Lundestrom,C,CBJ
8480893,Kirill Marchenko,R,CBJ
8477497,Sean Monahan,C,CBJ
8479671,Mathieu Olivier,R,CBJ
8482705,Cole Sillinger,C,CBJ
8481716,Dmitri Voronkov,L,CBJ
8477425,Miles Wood,L,CBJ
8481161,Jake Christiansen,D,CBJ
8479371,Dante Fabbro,D,CBJ
8475790,Erik Gudbranson,D,CBJ
8482094,Daemon Hunt,D,CBJ
8483485,Denton Mateychuk,D,CBJ
8478500,Ivan Provorov,D,CBJ
8476923,Damon Severson,D,CBJ
8478460,Zach Werenski,D,CBJ
8478905,Ivan Fedotov,G,CBJ
8482982,Jet Greaves,G,CBJ
8478007,Elvis Merzlikins,G,CBJ
8478891,Mason Appleton,C,DET
8481013,Jonatan Berggren,R,DET
8484794,Michael Brandsegg-Nygård,R,DET
8477456,J.T. Compher,L,DET
8477429,Andrew Copp,C,DET
8484160,Nate Danielson,C,DET
8479337,Alex DeBrincat,R,DET
8484471,Emmitt Finnie,C,DET
8474141,Patrick Kane,R,DET
8483464,Marco Kasper,C,DET
8477946,Dylan Larkin,C,DET
8482802,Carter Mazur,L,DET
8479992,Michael Rasmussen,C,DET
8482078,Lucas Raymond,L,DET
8481725,Elmer Soderblom,L,DET
8474037,James van Riemsdyk,L,DET
8480879,Jacob Bernard-Docker,D,DET
8482777,Shai Buium,D,DET
8475279,Ben Chiarot,D,DET
8482762,Simon Edvinsson,D,DET
8476979,Erik Gustafsson,D,DET
8474612,Travis Hamonic,D,DET
8475718,Justin Holl,D,DET
8481607,Albert Johansson,D,DET
8484223,Axel Sandin-Pellikka,D,DET
8481542,Moritz Seider,D,DET
8482171,William Wallinder,D,DET
8476434,John Gibson,G,DET
8485545,Michal Postava,G,DET
8475660,Cam Talbot,G,DET
8482132,Brett Berard,L,NYR
8477380,Jonny Brodzinski,C,NYR
8475842,Sam Carrick,C,NYR
8482157,Will Cuylle,L,NYR
8481726,Adam Edstrom,C,NYR
8483690,Noah Laba,C,NYR
8482109,Alexis Lafrenière,L,NYR
8476468,J.T. Miller,C,NYR
8478550,Artemi Panarin,L,NYR
8481704,Juuso Parssinen,C,NYR
8484210,Gabe Perreault,R,NYR
8479390,Taylor Raddysh,R,NYR
8482460,Matt Rempe,C,NYR
8476389,Vincent Trocheck,C,NYR
8476459,Mika Zibanejad,C,NYR
8478840,Will Borgen,D,NYR
8479323,Adam Fox,D,NYR
8478882,Vladislav Gavrikov,D,NYR
8482666,Scott Morrow,D,NYR
8482073,Braden Schneider,D,NYR
8477369,Carson Soucy,D,NYR
8480001,Urho Vaakanainen,D,NYR
8471734,Jonathan Quick,G,NYR
8478048,Igor Shesterkin,G,NYR
8478445,Mathew Barzal,C,NYI
8475231,Casey Cizikas,C,NYI
8477494,Jonathan Drouin,L,NYI
8477407,Anthony Duclair,L,NYI
8478115,Pierre Engvall,L,NYI
8483553,Marc Gatcomb,C,NYI
8482476,Emil Heineman,L,NYI
8481601,Simon Holmstrom,R,NYI
8477500,Bo Horvat,C,NYI
8483104,Daylan Kuefler,L,NYI
8475314,Anders Lee,L,NYI
8481237,Kyle MacLean,C,NYI
8476419,Jean-Gabriel Pageau,C,NYI
8475151,Kyle Palmieri,C,NYI
8484221,Calum Ritchie,C,NYI
8485702,Max Shabanov,R,NYI
8484958,Maxim Tsyplakov,R,NYI
8478451,Ethan Bear,D,NYI
8480871,Adam Boqvist,D,NYI
8477950,Tony DeAngelo,D,NYI
8483448,Isaiah George,D,NYI
8476429,Scott Mayfield,D,NYI
8476917,Adam Pelech,D,NYI
8477506,Ryan Pulock,D,NYI
8481014,Alexander Romanov,D,NYI
8485366,Matthew Schaefer,D,NYI
8477405,Marcus Hogberg,G,NYI
8479496,David Rittich,G,NYI
8478009,Ilya Sorokin,G,NYI
8473575,Semyon Varlamov,G,NYI
8478569,Noel Acciari,C,PIT
8479638,Justin Brazeau,R,PIT
8482698,Tristan Broz,C,PIT
8471675,Sidney Crosby,C,PIT
8480980,Connor Dewar,C,PIT
8480842,Filip Hallander,C,PIT
8481093,Rafael Harvey-Pinard,L,PIT
8482993,Avery Hayes,R,PIT
8475763,Kevin Hayes,R,PIT
8478046,Danton Heinen,L,PIT
8484869,Tanner Howe,L,PIT
8478147,Bokondji Imama,L,PIT
8485414,Ben Kindel,C,PIT
8482758,Ville Koivunen,R,PIT
8479533,Joona Koppanen,L,PIT
8481481,Blake Lizotte,C,PIT
8471215,Evgeni Malkin,C,PIT
8477511,Anthony Mantha,R,PIT
8483487,Rutger McGroarty,R,PIT
8478438,Tommy Novak,C,PIT
8481591,Sam Poulin,R,PIT
8481703,Valtteri Puustinen,R,PIT
8476483,Rickard Rakell,R,PIT
8475810,Bryan Rust,R,PIT
8481577,Philip Tomasino,R,PIT
8485351,Bill Zonnon,R,PIT
8480222,Sebastian Aho,D,PIT
8480823,Alexander Alexeyev,D,PIT
8484839,Harrison Brunicke,D,PIT
8477365,Connor Clifton,D,PIT
8476856,Mathew Dumba,D,PIT
8477435,Ryan Graves,D,PIT
8478452,Caleb Jones,D,PIT
8474578,Erik Karlsson,D,PIT
8480274,Philip Kemp,D,PIT
8485413,Peyton Kettles,D,PIT
8471724,Kris Letang,D,PIT
8483503,Owen Pickering,D,PIT
8478854,Ryan Shea,D,PIT
8481030,Jack St. Ivany,D,PIT
8478450,Parker Wotherspoon,D,PIT
8482446,Joel Blomqvist,G,PIT
8477465,Tristan Jarry,G,PIT
8479548,Filip Larsson,G,PIT
8483703,Sergei Murashov,G,PIT
8481668,Arturs Silovs,G,PIT
8484153,Leo Carlsson,C,ANA
8482118,Sam Colangelo,R,ANA
8483445,Cutter Gauthier,L,ANA
8475798,Mikael Granlund,C,ANA
8478424,Jansen Harkins,C,ANA
8477527,Ross Johnston,L,ANA
8473986,Alex Killorn,L,ANA
8475184,Chris Kreider,L,ANA
8482745,Mason McTavish,C,ANA
8481754,Nikita Nesterenko,C,ANA
8484216,Coulson Pitre,R,ANA
8480068,Ryan Poehling,C,ANA
8484762,Beckett Sennecke,R,ANA
8476458,Ryan Strome,C,ANA
8478873,Troy Terry,R,ANA
8478366,Frank Vatrano,R,ANA
8485512,Tim Washe,C,ANA
8475462,Radko Gudas,D,ANA
8481563,Drew Helleson,D,ANA
8482731,Tyson Hinds,D,ANA
8481605,Jackson LaCombe,D,ANA
8483482,Tristan Luneau,D,ANA
8483490,Pavel Mintyukov,D,ANA
8482178,Ian Moore,D,ANA
8484859,Stian Solberg,D,ANA
8476885,Jacob Trouba,D,ANA
8482803,Olen Zellweger,D,ANA
8480843,Lukas Dostal,G,ANA
8478024,Ville Husso,G,ANA
8475852,Petr Mrazek,G,ANA
8484145,Zach Benson,L,BUF
8479941,Justin Danforth,R,BUF
8482659,Josh Doan,R,BUF
8482623,Josh Dunne,C,BUF
8477419,Mason Geertsen,L,BUF
8478413,Jordan Greenway,L,BUF
8482896,Tyson Kozak,C,BUF
8481522,Peyton Krebs,C,BUF
8483468,Jiri Kulich,C,BUF
8479359,Beck Malenstyn,L,BUF
8480802,Ryan McLeod,C,BUF
8480292,Carson Meyer,R,BUF
8480064,Josh Norris,C,BUF
8483500,Noah Ostlund,C,BUF
8482097,Jack Quinn,R,BUF
8479420,Tage Thompson,C,BUF
8477949,Alex Tuch,R,BUF
8475722,Jason Zucker,L,BUF
8480196,Jacob Bryson,D,BUF
8481524,Bowen Byram,D,BUF
8480839,Rasmus Dahlin,D,BUF
8481564,Ryan Johnson,D,BUF
8480891,Michael Kesselring,D,BUF
8483732,Vsevolod Komarov,D,BUF
8485404,Radim Mrtka,D,BUF
8482671,Owen Power,D,BUF
8480807,Mattias Samuelsson,D,BUF
8479982,Conor Timmins,D,BUF
8480382,Alexandar Georgiev,G,BUF
8480045,Ukko-Pekka Luukkonen,G,BUF
8479312,Alex Lyon,G,BUF
8482665,Matty Beniers,C,SEA
8484800,Berkly Catton,C,SEA
8474586,Jordan Eberle,R,SEA
8484168,Oscar Fisker Molgaard,C,SEA
8477919,Frederick Gaudreau,C,SEA
8477401,John Hayden,C,SEA
8481554,Kaapo Kakko,R,SEA
8481789,Tye Kartye,L,SEA
8478975,Mason Marchment,L,SEA
8477955,Jared McCann,L,SEA
8483497,Jani Nyman,R,SEA
8475768,Jaden Schwartz,L,SEA
8476905,Chandler Stephenson,C,SEA
8480009,Eeli Tolvanen,R,SEA
8482751,Ryan Winterton,C,SEA
8483524,Shane Wright,C,SEA
8478407,Vince Dunn,D,SEA
8482858,Ryker Evans,D,SEA
8479985,Cale Fleury,D,SEA
8476457,Adam Larsson,D,SEA
8479324,Ryan Lindgren,D,SEA
8479372,Joshua Mahura,D,SEA
8477986,Brandon Montour,D,SEA
8476467,Jamie Oleksiak,D,SEA
8482866,Ville Ottavainen,D,SEA
8478916,Joey Daccord,G,SEA
8475831,Philipp Grubauer,G,SEA
8476899,Matt Murray,G,SEA
8478042,Viktor Arvidsson,L,BOS
8481556,John Beecher,C,BOS
8481712,Matěj  Blümel,R,BOS
8477887,Patrick Brown,C,BOS
8482213,Riley Duran,C,BOS
8479591,Michael Eyssimont,C,BOS
8479987,Morgan Geekie,C,BOS
8482739,Brett Harrison,C,BOS
8479661,Tanner Jeannot,L,BOS
8480355,Mark Kastelic,C,BOS
8482177,Marat Khusnutdinov,C,BOS
8476374,Sean Kuraly,C,BOS
8477496,Elias Lindholm,C,BOS
8482763,Fabian Lysell,R,BOS
8483567,Georgii Merkulov,C,BOS
8483489,Fraser Minten,C,BOS
8479999,Casey Mittelstadt,C,BOS
8477956,David Pastrnak,R,BOS
8483505,Matthew Poitras,C,BOS
8482634,Alex Steeves,C,BOS
8479705,Jeffrey Viel,L,BOS
8479362,Riley Tufte,L,BOS
8478401,Pavel Zacha,C,BOS
8481219,Jonathan Aspirot,D,BOS
8483017,Frederic Brunet,D,BOS
8480828,Michael Callahan,D,BOS
8480887,Jordan Harris,D,BOS
8480035,Henri Jokiharju,D,BOS
8476854,Hampus Lindholm,D,BOS
8482511,Mason Lohrei,D,BOS
8479325,Charlie McAvoy,D,BOS
8479369,Andrew Peeke,D,BOS
8481599,Victor Soderstrom,D,BOS
8477507,Nikita Zadorov,D,BOS
8480022,Michael DiPietro,G,BOS
8476914,Joonas Korpisalo,G,BOS
8480280,Jeremy Swayman,G,BOS
8485538,Simon Zajicek,G,BOS
8479022,Rodrigo Abols,C,PHI
8481553,Bobby Brink,R,PHI
8480220,Noah Cates,L,PHI
8476461,Sean Couturier,C,PHI
8475235,Nicolas Deslauriers,L,PHI
8485483,Karsen Dorwart,L,PHI
8477989,Christian Dvorak,C,PHI
8482159,Tyson Foerster,R,PHI
8483733,Nikita Grebenkin,R,PHI
8477903,Garnet Hathaway,R,PHI
8478439,Travis Konecny,R,PHI
8484779,Jett Luchanko,C,PHI
8484387,Matvei Michkov,R,PHI
8478967,Lane Pederson,C,PHI
8480015,Owen Tippett,R,PHI
8481533,Trevor Zegras,C,PHI
8484148,Oliver Bonk,D,PHI
8482142,Jamie Drysdale,D,PHI
8475176,Ryan Ellis,D,PHI
8478502,Dennis Gilbert,D,PHI
8480874,Adam Ginning,D,PHI
8478454,Noah Juulsen,D,PHI
8477499,Rasmus Ristolainen,D,PHI
8482890,Ethan Samson,D,PHI
8477948,Travis Sanheim,D,PHI
8476372,Nick Seeler,D,PHI
8481546,Cam York,D,PHI
8481178,Egor Zamula,D,PHI
8481035,Samuel Ersson,G,PHI
8478435,Dan Vladar,G,PHI
8478047,Michael Bunting,L,NSH
8476887,Filip Forsberg,L,NSH
8475287,Erik Haula,L,NSH
8479370,Tyson Jost,C,NSH
8483465,Joakim Kemell,R,NSH
8482742,Zachary L'Heureux,L,NSH
8476539,Jonathan Marchessault,C,NSH
8485405,Brady Martin,C,NSH
8477446,Michael McCarron,R,NSH
8475158,Ryan O'Reilly,C,NSH
8482062,Cole Smith,L,NSH
8474564,Steven Stamkos,C,NSH
8482768,Fedor Svechkov,C,NSH
8482103,Ozzy Wiesblatt,R,NSH
8484241,Matthew Wood,R,NSH
8482111,Justin Barron,D,NSH
8483565,Nick Blankenburg,D,NSH
8479980,Nicolas Hague,D,NSH
8474600,Roman Josi,D,NSH
8484196,Tanner Molendyk,D,NSH
8480246,Nick Perbix,D,NSH
8476869,Brady Skjei,D,NSH
8481056,Spencer Stastney,D,NSH
8482482,Adam Wilsby,D,NSH
8481020,Justus Annunen,G,NSH
8477424,Juuse Saros,G,NSH
8479315,Joey Anderson,R,CHI
8484144,Connor Bedard,C,CHI
8477479,Tyler Bertuzzi,L,CHI
8477444,Andre Burakovsky,L,CHI
8482703,Colton Dach,C,CHI
8477450,Jason Dickinson,C,CHI
8477987,Ryan Donato,C,CHI
8473422,Nick Foligno,L,CHI
8483450,Ryan Greene,C,CHI
8478043,Sam Lafferty,C,CHI
8481624,Ilya Mikheyev,R,CHI
8484197,Oliver Moore,C,CHI
8483493,Frank Nazar,C,CHI
8482117,Lukas Reichel,L,CHI
8482172,Landon Slaggert,L,CHI
8476882,Teuvo Teravainen,C,CHI
8482700,Nolan Allan,D,CHI
8481806,Louis Crevier,D,CHI
8482807,Ethan Del Mastro,D,CHI
8482176,Wyatt Kaiser,D,CHI
8484783,Artyom Levshunov,D,CHI
8476473,Connor Murphy,D,CHI
8483506,Sam Rinzel,D,CHI
8481568,Alex Vlasic,D,CHI
8481519,Spencer Knight,G,CHI
8482821,Arvid Soderblom,G,CHI
8481585,Egor Afanasyev,L,SJS
8482206,Ethan Cardwell,R,SJS
8484801,Macklin Celebrini,C,SJS
8480848,Ty Dellandrea,C,SJS
8482667,William Eklund,L,SJS
8478874,Adam Gaudette,R,SJS
8476624,Barclay Goodrow,R,SJS
8484911,Collin Graf,R,SJS
8479336,Carl Grundstrom,R,SJS
8480798,Philipp Kurashev,C,SJS
8483481,Cam Lund,C,SJS
8485402,Michael Misa,C,SJS
8484200,Quentin Musty,L,SJS
8482712,Oskar Olausson,R,SJS
8482859,Zack Ostapchuk,C,SJS
8471817,Ryan Reaves,R,SJS
8483630,Pavol Regenda,L,SJS
8475784,Jeff Skinner,L,SJS
8484227,Will Smith,C,SJS
8475726,Tyler Toffoli,C,SJS
8477505,Alexander Wennberg,C,SJS
8478400,Colin White,C,SJS
8484152,Luca Cagnoni,D,SJS
8479523,Lucas Carlsson,D,SJS
8479576,Vincent Desharnais,D,SJS
8484806,Sam Dickinson,D,SJS
8479983,Mario Ferraro,D,SJS
8475906,John Klingberg,D,SJS
8475181,Nick Leddy,D,SJS
8480043,Timothy Liljegren,D,SJS
8482166,Shakir Mukhamadullin,D,SJS
8475200,Dmitry Orlov,D,SJS
8482144,Jack Thompson,D,SJS
8482137,Yaroslav Askarov,G,SJS
8477968,Alex Nedeljkovic,G,SJS
